titleID	titleType	primaryTitle	originalTitle	isAdult	startYear	endYear	runtimeMinutes	genres
tt0003893	movie	Even Unto Death	Even Unto Death	0	1914	\N	\N	Drama
tt0005160	movie	Cross Currents	Cross Currents	0	1915	\N	50	Drama
tt0006144	movie	A Texas Steer	A Texas Steer	0	1915	\N	\N	Action,Adventure,Comedy
tt0007038	movie	Maria Rosa	Maria Rosa	0	1916	\N	50	Drama
tt0007805	movie	The Clock	The Clock	0	1917	\N	50	Comedy
tt0008485	movie	Queen X	Queen X	0	1917	\N	\N	Crime,Drama
tt0009148	movie	Heart of the Wilds	Heart of the Wilds	0	1918	\N	50	Drama
tt0009793	movie	Which Woman?	Which Woman?	0	1918	\N	50	Mystery
tt0010454	movie	The Merry-Go-Round	The Merry-Go-Round	0	1919	\N	\N	Comedy,Drama
tt0011114	movie	The Devil's Passkey	The Devil's Passkey	0	1920	\N	130	Drama
tt0011739	movie	The Strongest	The Strongest	0	1920	\N	\N	Drama
tt0012349	movie	The Kid	The Kid	0	1921	\N	68	Comedy,Drama,Family
tt0012933	movie	The Better Man Wins	The Better Man Wins	0	1922	\N	64	Action,Western
tt0013544	movie	La reina mora	La reina mora	0	1923	\N	\N	\N
tt0014146	movie	Crown of Thorns	I.N.R.I.	0	1923	\N	102	Drama
tt0014740	movie	The Breathless Moment	The Breathless Moment	0	1924	\N	60	Comedy,Crime
tt0015315	movie	Sell 'Em Cowboy	Sell 'Em Cowboy	0	1924	\N	\N	Comedy,Drama,Western
tt0015920	movie	His Supreme Moment	His Supreme Moment	0	1925	\N	80	Drama
tt0016534	movie	Wild Horse Mesa	Wild Horse Mesa	0	1925	\N	95	Western
tt0017144	movie	The Midnight Sun	The Midnight Sun	0	1926	\N	90	Drama
tt0017755	movie	The City Gone Wild	The City Gone Wild	0	1927	\N	60	Crime,Drama,Romance
tt0018348	movie	The Royal American	The Royal American	0	1927	\N	\N	Adventure
tt0018917	movie	Freedom of the Press	Freedom of the Press	0	1928	\N	62	Mystery
tt0019519	movie	The Valley of Hunted Men	The Valley of Hunted Men	0	1928	\N	54	Action
tt0020139	movie	Der Mann, der nicht liebt	Der Mann, der nicht liebt	0	1929	\N	\N	\N
tt0020766	movie	Alien Shore	Chuzhoy bereg	0	1930	\N	\N	\N
tt0021421	movie	Strictly Modern	Strictly Modern	0	1930	\N	63	Romance
tt0022097	movie	Die lustigen Weiber von Wien	Die lustigen Weiber von Wien	0	1931	\N	109	Comedy
tt0022762	movie	Chotard and Company	Chotard et Cie	0	1933	\N	83	Comedy
tt0023430	movie	A Scarlet Week-End	A Scarlet Week-End	0	1932	\N	63	Mystery
tt0024097	movie	Headline Shooter	Headline Shooter	0	1933	\N	61	Adventure,Crime,Drama
tt0024734	movie	Vica the Canoeist	Vica, a vadevezös	0	1933	\N	74	Comedy
tt0025380	movie	Let's Be Ritzy	Let's Be Ritzy	0	1934	\N	68	Adventure,Comedy,Romance
tt0026038	movie	The Adventures of Rex and Rinty	The Adventures of Rex and Rinty	0	1935	\N	229	Action,Adventure
tt0026674	movie	Man of Iron	Man of Iron	0	1935	\N	61	Drama
tt0027324	movie	Adventure in Paris	Aventure à Paris	0	1936	\N	95	\N
tt0027935	movie	The Man Behind the Mask	The Man Behind the Mask	0	1936	\N	79	Drama
tt0028541	movie	300.000 pengö az utcán	300.000 pengö az utcán	0	1937	\N	81	Comedy
tt0029171	movie	A Night of Terror	Love from a Stranger	0	1937	\N	86	Drama,Mystery,Romance
tt0029826	movie	L'étrange Monsieur Victor	L'étrange Monsieur Victor	0	1938	\N	103	Crime,Drama
tt0030467	movie	Mr. Chump	Mr. Chump	0	1938	\N	60	Comedy
tt0031102	movie	Blackmail	Blackmail	0	1939	\N	81	Crime,Drama,Thriller
tt0031698	movie	My Son Is Guilty	My Son Is Guilty	0	1939	\N	63	Action,Adventure,Crime
tt0032326	movie	Charlie Chan's Murder Cruise	Charlie Chan's Murder Cruise	0	1940	\N	76	Mystery
tt0032961	movie	Quiet Wedding	Quiet Wedding	0	1941	\N	80	Adventure,Comedy,Romance
tt0033590	movie	The Farmer's Wife	The Farmer's Wife	0	1941	\N	81	Drama
tt0034226	movie	Springpojkar ä vi allihopa!	Springpojkar ä vi allihopa!	0	1941	\N	85	Comedy
tt0034876	movie	A Sight of Light	Huella de luz	0	1943	\N	76	Comedy
tt0035486	movie	Uncensored	Uncensored	0	1942	\N	83	Drama,War
tt0036105	movie	Let's Face It	Let's Face It	0	1943	\N	76	Musical
tt0036738	movie	La dama de las camelias	La dama de las camelias	0	1944	\N	115	Drama,Romance
tt0037345	movie	Tambor y cascabel	Tambor y cascabel	0	1944	\N	80	\N
tt0037957	movie	Old Mother Riley at Home	Old Mother Riley at Home	0	1945	\N	76	Comedy
tt0038566	movie	The Great Glinka	Glinka	0	1946	\N	116	Biography,Drama
tt0039198	movie	Blonde Savage	Blonde Savage	0	1947	\N	62	Action,Adventure,Fantasy
tt0039818	movie	These Foolish Times	Shin baka jidai: Zenpen	0	1947	\N	77	Comedy
tt0040477	movie	The Invisible Man Appears	Tômei ningen arawaru	0	1949	\N	82	Horror,Sci-Fi
tt0041186	movie	The Blazing Trail	The Blazing Trail	0	1949	\N	59	Western
tt0041789	movie	Red Desert	Red Desert	0	1949	\N	60	Western
tt0042482	movie	Frenchie	Frenchie	0	1950	\N	81	Romance,Western
tt0043069	movie	Trigger, Jr.	Trigger, Jr.	0	1950	\N	68	Western
tt0043743	movie	The Light Touch	The Light Touch	0	1951	\N	93	Crime,Drama
tt0044417	movie	Beware, My Lovely	Beware, My Lovely	0	1952	\N	77	Crime,Drama,Film-Noir
tt0045002	movie	Outcast of the Islands	Outcast of the Islands	0	1951	\N	102	Adventure,Drama
tt0045680	movie	The Desert Song	The Desert Song	0	1953	\N	110	Musical,Romance
tt0046261	movie	Saariston tyttö	Saariston tyttö	0	1953	\N	80	Drama
tt0046942	movie	Duel in the Jungle	Duel in the Jungle	0	1954	\N	97	Adventure
tt0047528	movie	La Strada	La strada	0	1954	\N	108	Drama
tt0048196	movie	Ihr Leibregiment	Ihr Leibregiment	0	1955	\N	98	Comedy,Romance
tt0048781	movie	Loving Couples	Verliebte Leute	0	1954	\N	100	Comedy,Music
tt0049432	movie	The Last Hunt	The Last Hunt	0	1956	\N	108	Drama,Western
tt0050086	movie	3:10 to Yuma	3:10 to Yuma	0	1957	\N	92	Drama,Thriller,Western
tt0050655	movie	Demoniac	Les louves	0	1957	\N	101	Crime,Drama
tt0051242	movie	Échenme al gato	Échenme al gato	0	1958	\N	90	Comedy,Crime,Fantasy
tt0051889	movie	Naked in the Night	Madeleine Tel. 13 62 11	0	1958	\N	87	Crime,Drama
tt0052573	movie	Archimède, le clochard	Archimède, le clochard	0	1959	\N	76	Comedy,Drama
tt0053152	movie	Paigham	Paigham	0	1959	\N	188	Comedy,Drama
tt0053811	movie	Faja lobbi	Faja lobbi	0	1960	\N	70	Documentary
tt0054385	movie	Thunder in Carolina	Thunder in Carolina	0	1960	\N	92	Action,Drama,Sport
tt0055036	movie	Juventud a la intemperie	Juventud a la intemperie	0	1961	\N	97	Crime,Drama
tt0055619	movie	Miao shan bai mao nu	Miao shan bai mao nu	0	1961	\N	\N	Action
tt0056259	movie	La muerte silba un blues	La muerte silba un blues	0	1964	\N	85	Crime,Drama
tt0056907	movie	The Cardinal	The Cardinal	0	1963	\N	175	Drama,History,War
tt0057490	movie	The Servant	The Servant	0	1963	\N	116	Drama
tt0058177	movie	Hamlet	Hamlet	0	1964	\N	\N	Drama
tt0058777	movie	Zulu	Zulu	0	1964	\N	138	Drama,History,War
tt0059487	movie	My Blood Runs Cold	My Blood Runs Cold	0	1965	\N	104	Drama,Mystery,Thriller
tt0060209	movie	The Caper of the Golden Bulls	The Caper of the Golden Bulls	0	1967	\N	102	Action,Comedy
tt0060888	movie	Red Roses of Passion	Red Roses of Passion	0	1966	\N	85	Crime,Drama,Fantasy
tt0061643	movie	Fando and Lis	Fando y Lis	0	1968	\N	93	Adventure,Fantasy
tt0062299	movie	Spree	Spree	0	1967	\N	84	Documentary
tt0063000	movie	Gamera vs. Viras	Gamera tai uchu kaijû Bairasu	0	1968	\N	75	Action,Adventure,Family
tt0063649	movie	Stranger and the Dead Season	Stranger and the Dead Season	0	1968	\N	\N	\N
tt0064405	movie	The Happy Ending	The Happy Ending	0	1969	\N	117	Drama
tt0065032	movie	The Stalking Moon	The Stalking Moon	0	1968	\N	109	Western
tt0065742	movie	Fray Dólar	Fray Dólar	0	1970	\N	100	Comedy,Crime
tt0066385	movie	Skulle det dukke opp flere lik er det bare å ringe.....	Skulle det dukke opp flere lik er det bare å ringe.....	0	1970	\N	98	Comedy,Crime,Mystery
tt0067148	movie	Godzilla vs. Hedorah	Gojira tai Hedora	0	1971	\N	85	Action,Animation,Family
tt0067795	movie	Stork	Stork	0	1971	\N	85	Comedy
tt0068564	movie	Winter Comes Early	Face-Off	0	1971	\N	112	Drama,Romance,Sport
tt0069211	movie	Hello Jerusalem	Salut, Jerusalem	0	1972	\N	72	\N
tt0069993	movie	Don't Just Lie There, Say Something!	Don't Just Lie There, Say Something!	0	1974	\N	91	Comedy
tt0070666	movie	Serpico	Serpico	0	1973	\N	130	Biography,Crime,Drama
tt0071428	movie	Mothers and Daughters	Dochki-materi	0	1975	\N	101	Drama
tt0072106	movie	Gunfight at OQ Corral	Règlements de femmes à O.Q. Corral	1	1974	\N	75	Western
tt0072895	movie	Dolemite	Dolemite	0	1975	\N	90	Action,Comedy,Crime
tt0073597	movie	That Malicious Age	Quella età maliziosa	0	1975	\N	90	Drama,Romance
tt0074405	movie	Maiden Bridge	Devojacki most	0	1976	\N	95	Drama,History,War
tt0075081	movie	Buddies	Polare	0	1976	\N	104	Drama
tt0075879	movie	Corleone	Corleone	0	1978	\N	108	Crime,Thriller
tt0076560	movie	Shunkinsho	Shunkinsho	0	1976	\N	97	Drama
tt0077373	movie	Stay as You Are	Così come sei	0	1978	\N	109	Drama,Romance
tt0078061	movie	Partita na instrument drewniany	Partita na instrument drewniany	0	1976	\N	77	Drama,War
tt0078893	movie	Dead End	Bon Bast	0	1977	\N	95	Drama
tt0079565	movie	Mis relaciones con Ana	Mis relaciones con Ana	0	1979	\N	\N	Comedy
tt0080372	movie	Anna Makossa	Anna Makossa	0	1980	\N	90	\N
tt0081028	movie	Lady Grey	Lady Grey	0	1980	\N	111	Drama,Romance
tt0081744	movie	Weiße Reise	Weiße Reise	0	1980	\N	55	Adventure,Romance
tt0082529	movie	The Joy of Letting Go	The Joy of Letting Go	1	1976	\N	84	Adult
tt0083221	movie	Justification	Towjeeh	0	1981	\N	\N	\N
tt0084001	movie	Giggi il bullo	Giggi il bullo	0	1982	\N	88	Comedy
tt0084714	movie	Split Image	Split Image	0	1982	\N	111	Drama,Romance
tt0085524	movie	Fantozzi subisce ancora	Fantozzi subisce ancora	0	1983	\N	85	Comedy
tt0086219	movie	Runners	Runners	0	1983	\N	107	Drama
tt0087083	movie	Constance	Constance	0	1984	\N	104	Drama
tt0087817	movie	Nothing Lasts Forever	Nothing Lasts Forever	0	1984	\N	82	Comedy,Drama,Fantasy
tt0088682	movie	Agent on Ice	Agent on Ice	0	1985	\N	96	Action,Drama
tt0089407	movie	Kartka z podrózy	Kartka z podrózy	0	1984	\N	78	Drama,War
tt0090110	movie	Sweet Dreams	Sweet Dreams	0	1985	\N	115	Biography,Drama,Music
tt0090976	movie	Drost	Drost	0	1986	\N	\N	Drama
tt0091671	movie	From a Whisper to a Scream	The Offspring	0	1987	\N	99	Action,Drama,Horror
tt0092558	movie	Motherland Hotel	Anayurt Oteli	0	1987	\N	101	Crime,Drama,Thriller
tt0093266	movie	Instant Justice	Instant Justice	0	1986	\N	101	Action,Drama
tt0093974	movie	Silent Night, Deadly Night Part 2	Silent Night, Deadly Night 2	0	1987	\N	88	Horror,Thriller
tt0094834	movie	Cannibal Women in the Avocado Jungle of Death	Cannibal Women in the Avocado Jungle of Death	0	1989	\N	90	Action,Adventure,Comedy
tt0095555	movie	Lights and Shadows	Luces y sombras	0	1988	\N	105	Drama
tt0096307	movie	Tricks of the Trade	Tricks of the Trade	1	1988	\N	90	Adult
tt0097231	movie	The Dragon from China	The Dragon from China	0	1989	\N	\N	\N
tt0097930	movie	Murder Story	Murder Story	0	1989	\N	89	Crime,Thriller
tt0098683	movie	Ya v polnom poryadke	Ya v polnom poryadke	0	1989	\N	80	Adventure,Romance
tt0099606	movie	The Fourth War	The Fourth War	0	1990	\N	91	Drama,Thriller
tt0100348	movie	Perpetuum Mobile	Perpetuum Mobile	0	1990	\N	\N	\N
tt0101280	movie	Agenty KGB tozhe vlyublyayutsya	Agenty KGB tozhe vlyublyayutsya	0	1991	\N	88	Comedy
tt0102005	movie	Harley Davidson and the Marlboro Man	Harley Davidson and the Marlboro Man	0	1991	\N	98	Action,Crime,Drama
tt0102727	movie	Punainen huone	Punainen huone	0	1991	\N	60	Drama,Thriller
tt0103670	movie	American Heart	American Heart	0	1992	\N	113	Crime,Drama,Romance
tt0104397	movie	Das Haus im Ginster	Das Haus im Ginster	0	1993	\N	93	Drama
tt0105117	movie	Peephole	Peephole	0	1993	\N	90	Crime,Thriller
tt0105843	movie	Wu San Gui yu Chen Yuan Yuan	Wu San Gui yu Chen Yuan Yuan	0	1992	\N	\N	Comedy,Romance
tt0106831	movie	Est & Ouest: Les paradis perdus	Est & Ouest: Les paradis perdus	0	1993	\N	70	Documentary
tt0107585	movie	Mit dem Kopf durch die Wand	Mit dem Kopf durch die Wand	0	1993	\N	\N	\N
tt0108354	movie	Ni un pam de net	Ni un pam de net	0	1993	\N	\N	Comedy
tt0109420	movie	Family Affairs	Ching goon nam sam	0	1994	\N	89	Comedy,Drama
tt0110215	movie	Jungleground	Jungleground	0	1995	\N	90	Action,Sci-Fi,Thriller
tt0110999	movie	The Road Killers	The Road Killers	0	1994	\N	89	Action,Crime,Drama
tt0111822	movie	Zeiram 2	Zeiram 2	0	1994	\N	107	Action,Comedy,Sci-Fi
tt0113057	movie	A Single Girl	La fille seule	0	1995	\N	90	Drama
tt0113876	movie	Music Sounds	Music Sounds	0	1995	\N	95	Documentary,Music
tt0114775	movie	A Summer in La Goulette	Un été à La Goulette	0	1996	\N	89	Comedy,Drama
tt0115953	movie	Countdown	Countdown	0	1996	\N	90	Crime,Mystery,Thriller
tt0116777	movie	The King of Robbery	Hon fei	0	1996	\N	85	Action,Crime
tt0117628	movie	She's the One	She's the One	0	1996	\N	96	Comedy,Drama,Romance
tt0118727	movie	Love Walked In	Love Walked In	0	1997	\N	95	Drama,Thriller
tt0119485	movie	Kundun	Kundun	0	1997	\N	134	Biography,Drama,History
tt0120250	movie	Tangos Are for Two	Sus ojos se cerraron y el mundo sigue andando	0	1997	\N	93	Drama,Music,Romance
tt0121179	movie	Kidnapped	Dai jian de xiao hai	0	1983	\N	\N	Drama
tt0122074	movie	Freedom from the Greedy Grave	Freedom from the Greedy Grave	0	1989	\N	\N	\N
tt0122952	movie	Anyone But My Husband	Anyone But My Husband	1	1975	\N	71	Adult,Drama
tt0123958	movie	Lejlighed til leje	Lejlighed til leje	0	1949	\N	97	Comedy,Family,Music
tt0125076	movie	Erotica: A Journey Into Female Sexuality	Erotica: A Journey Into Female Sexuality	1	1997	\N	75	Documentary
tt0125977	movie	Paper-Thin Immortals	Paper-Thin Immortals	0	1998	\N	117	Comedy,Drama
tt0127012	movie	Lådan	Lådan	0	1968	\N	75	Comedy
tt0127974	movie	White Thunder	White Thunder	0	1925	\N	\N	Western
tt0128816	movie	Die Verwundbaren	Die Verwundbaren	0	1967	\N	76	Drama
tt0129616	movie	Wild Cherry	Wild Cherry	1	1982	\N	\N	Adult
tt0130484	movie	Aviação Portuguesa	Aviação Portuguesa	0	1933	\N	\N	Documentary
tt0131311	movie	Anal Annie and the Magic Dildo	Anal Annie and the Magic Dildo	1	1985	\N	\N	Adult
tt0132335	movie	Mosteiro de Mafra	Mosteiro de Mafra	0	1950	\N	\N	Documentary
tt0133266	movie	A világ legkisebb alapítványa	A világ legkisebb alapítványa	0	1997	\N	85	Drama
tt0134289	movie	Anything for a Thrill	Anything for a Thrill	0	1937	\N	62	Drama
tt0135432	movie	Golfo, Girl of the Mountains	Golfo	0	1955	\N	88	Drama,Romance
tt0136367	movie	The Song of the Mother	Das Lied der Mutter	0	1918	\N	\N	Drama
tt0137508	movie	The Faithful City	The Faithful City	0	1952	\N	85	Drama,History,War
tt0138616	movie	Miss Eurooppaa metsästämässä	Miss Eurooppaa metsästämässä	0	1955	\N	85	Comedy,Drama
tt0139597	movie	Seeing Is Believing	Seeing Is Believing	0	1934	\N	70	Comedy,Crime,Romance
tt0140556	movie	Sun in Your Eyes	Le soleil dans l'oeil	0	1962	\N	88	Drama
tt0141851	movie	Sputnik Over the Planet	Sputnik Over the Planet	0	1958	\N	\N	Documentary
tt0143092	movie	L'aiglon	L'aiglon	0	1913	\N	\N	History
tt0144112	movie	Blowin' in the Wind	Blowin' in the Wind	1	1993	\N	\N	Adult
tt0145091	movie	Il mondo di notte numero 3	Il mondo di notte numero 3	0	1963	\N	110	Documentary,Musical
tt0146365	movie	À propos de la femme	À propos de la femme	0	1969	\N	82	Drama
tt0148625	movie	Georges Seurat: Point Counterpoint	Georges Seurat: Point Counterpoint	0	1979	\N	72	\N
tt0150218	movie	The Cream Will Rise	The Cream Will Rise	0	1998	\N	90	Biography,Documentary,Music
tt0151766	movie	Njezni u srcu	Njezni u srcu	0	1994	\N	50	Documentary
tt0153366	movie	Two Days in a Hot Place	Two Days in a Hot Place	1	1977	\N	70	Adult
tt0154481	movie	Finanzauto 67	Finanzauto 67	0	1968	\N	70	Documentary
tt0155312	movie	A Son from America	Un fils d'Amérique	0	1932	\N	91	Comedy,Drama
tt0156021	movie	Riders of the Range	Riders of the Range	0	1923	\N	55	Western
tt0156740	movie	Liebesmarkt in Dänemark	Liebesmarkt in Dänemark	0	1971	\N	\N	Comedy
tt0157536	movie	The Devil's Toy	The Devil's Toy	0	1916	\N	50	Drama
tt0158550	movie	Queen: Champions of the World	Queen: Champions of the World	0	1995	\N	120	Documentary,Music
tt0159370	movie	The Copacabana Story	The Copacabana Story	0	1999	\N	\N	\N
tt0160638	movie	Paris-Soleil	Paris-Soleil	0	1933	\N	\N	Comedy
tt0162298	movie	E.P.I. - Aspectos da Preparação de Oficiais Milicianos	E.P.I. - Aspectos da Preparação de Oficiais Milicianos	0	1964	\N	\N	Documentary
tt0163651	movie	American Pie	American Pie	0	1999	\N	95	Comedy
tt0164783	movie	Nexo	Nexo	0	1995	\N	\N	\N
tt0165728	movie	Duel of Tiger Range	Duel of Tiger Range	0	1968	\N	\N	\N
tt0166712	movie	Moy dom, teatr	Moy dom, teatr	0	1987	\N	98	Biography,Drama,History
tt0168058	movie	Manosaurus	Manosaurus	0	1994	\N	\N	\N
tt0169363	movie	La vida continúa	La vida continúa	0	1969	\N	105	Drama,Musical,Romance
tt0170581	movie	The Silver Bridge	The Silver Bridge	0	1920	\N	\N	Crime,Drama
tt0171727	movie	Sedmý kontinent	Sedmý kontinent	0	1960	\N	\N	Drama
tt0173028	movie	Potrazi Vandu Kos	Potrazi Vandu Kos	0	1957	\N	72	Drama,Mystery
tt0174293	movie	Two Fisted Buckaroo	Two Fisted Buckaroo	0	1926	\N	\N	Western
tt0175369	movie	Zwischen Sahara und Nürburgring	Zwischen Sahara und Nürburgring	0	1936	\N	54	Documentary
tt0176277	movie	V den prazdnika	V den prazdnika	0	1978	\N	87	Drama
tt0177510	movie	The Death Agony of the Eagles	L'agonie des aigles	0	1922	\N	\N	History
tt0178542	movie	Guglielmo Oberdan, il martire di Trieste	Guglielmo Oberdan, il martire di Trieste	0	1915	\N	\N	Drama
tt0179531	movie	Wild Born	Wild Born	0	1927	\N	\N	Western
tt0180489	movie	The Barbarians	The Barbarians	1	1990	\N	\N	Adult
tt0181497	movie	Doggy Bag	Doggy Bag	0	1999	\N	85	Comedy
tt0182394	movie	Romance de um Mordedor	Romance de um Mordedor	0	1944	\N	90	Comedy
tt0183379	movie	Kyobijin	Kyobijin	0	1915	\N	\N	\N
tt0184250	movie	Bare Bottom Treatment	Bare Bottom Treatment	1	1993	\N	\N	Adult
tt0185150	movie	Alma peruana	Alma peruana	0	1930	\N	\N	\N
tt0186145	movie	Fong Sze Yu's 9 Battles at O-Mei Mountain	Fong Sze Yu's 9 Battles at O-Mei Mountain	0	1948	\N	\N	\N
tt0187047	movie	The Game of Killers	Xiao mian sha shou sha xiao zi	0	1978	\N	87	Action
tt0187877	movie	Heroine with the Double-Spear	Heroine with the Double-Spear	0	1949	\N	\N	\N
tt0188712	movie	Japanese Connection	Ze sha ze	0	1973	\N	92	Action,Drama
tt0189608	movie	Indecent Exposure	Indecent Exposure	1	1982	\N	96	Adult,Comedy
tt0190498	movie	Juan Moreira	Juan Moreira	0	1936	\N	89	Adventure,Drama,History
tt0191337	movie	O Palhaço O Que É?	O Palhaço O Que É?	0	1960	\N	85	Comedy
tt0192250	movie	Lin Chong ye ben	Lin Chong ye ben	0	1972	\N	88	Action,Drama
tt0193091	movie	Le destin exécrable de Guillemette Babin	Le destin exécrable de Guillemette Babin	0	1948	\N	97	Drama,Fantasy
tt0193900	movie	Enfants de Paris	Enfants de Paris	0	1924	\N	\N	\N
tt0194715	movie	The Nice Adventure	La bonne aventure	0	1932	\N	88	Comedy
tt0195559	movie	Les bas de soie noire	Les bas de soie noire	1	1981	\N	85	Adult,Comedy
tt0196637	movie	Interview with a Milkman	Interview with a Milkman	1	1996	\N	85	Adult
tt0197565	movie	House of Pleasure	House of Pleasure	1	1984	\N	78	Adult
tt0198512	movie	Getting Together	Getting Together	0	1976	\N	110	Drama
tt0199334	movie	Assuntina das Amérikas	Assuntina das Amérikas	0	1976	\N	90	\N
tt0200269	movie	The Clairvoyant	La voyante	0	1924	\N	\N	\N
tt0201328	movie	What Sex Am I?	What Sex Am I?	0	1985	\N	60	Documentary
tt0202121	movie	Writing Kung Fu	Wen da	0	1979	\N	79	\N
tt0202962	movie	Ghost Story: Crying in the Night Lantern	Kaidan yonaki-doro	0	1962	\N	73	Horror
tt0203965	movie	Suzukake no sanpomichi	Suzukake no sanpomichi	0	1959	\N	72	\N
tt0204948	movie	Cheng da sao	Cheng da sao	0	1954	\N	131	Drama
tt0205862	movie	Deep Blue	Deep Blue	1	1988	\N	74	Adult
tt0206920	movie	Mana Desam	Mana Desam	0	1949	\N	172	Drama
tt0208086	movie	Desencuentros	Desencuentros	0	1992	\N	105	Drama
tt0209350	movie	Besieged	Lo stato d'assedio	0	1969	\N	93	Drama
tt0210828	movie	De mannetjesmaker	De mannetjesmaker	0	1983	\N	110	Drama
tt0211974	movie	The Box Boy	The Box Boy	1	1969	\N	\N	\N
tt0213220	movie	Sawa Lakh Se Ek Ladaun	Sawa Lakh Se Ek Ladaun	0	1976	\N	135	Action,Drama,War
tt0214164	movie	Stree Janma Hi Tuzhi Kahani	Stree Janma Hi Tuzhi Kahani	0	1952	\N	\N	\N
tt0215109	movie	Raghupati Raghava Rajaram	Raghupati Raghava Rajaram	0	1977	\N	129	Comedy
tt0216341	movie	Il vetturale del Moncenisio	Il vetturale del Moncenisio	0	1954	\N	88	Drama,History
tt0217493	movie	Fist of Legends 2: Iron Bodyguards	Jing wu ying xiong 2: Tie bao biao	0	1996	\N	90	Action
tt0218734	movie	Yo fui una usurpadora	Yo fui una usurpadora	0	1946	\N	70	Drama
tt0220027	movie	Screwed: A Hollywood Bedtime Story	Screwed: A Hollywood Bedtime Story	0	1998	\N	\N	\N
tt0221431	movie	The Newcomers	The Newcomers	0	2000	\N	90	Drama,Family
tt0223315	movie	The Friendly Fifties and the Sinister Sixties: 1850-1863	The Friendly Fifties and the Sinister Sixties: 1850-1863	0	1968	\N	59	Documentary
tt0224756	movie	China Call	China Call	0	1992	\N	\N	\N
tt0226546	movie	Tout le temps, tout le temps, tout le temps?	Tout le temps, tout le temps, tout le temps?	0	1970	\N	116	\N
tt0228194	movie	The Deadly Secret	The Deadly Secret	0	1994	\N	98	Thriller
tt0229656	movie	Sex Files: Pleasure World	Sex Files: Pleasure World	0	1998	\N	91	Romance,Sci-Fi
tt0230627	movie	País de octubre	País de octubre	0	1990	\N	80	\N
tt0231531	movie	Enas andras me syneidisi	Enas andras me syneidisi	0	1969	\N	138	Drama
tt0232583	movie	Sapne Suhane	Sapne Suhane	0	1961	\N	\N	Romance
tt0233850	movie	Hathili Dulhan	Hathili Dulhan	0	1932	\N	\N	\N
tt0234979	movie	Das verhexte Fischerdorf	Das verhexte Fischerdorf	0	1962	\N	77	Comedy
tt0236199	movie	Erotas dihos synora	Erotas dihos synora	0	1970	\N	85	Drama,Romance
tt0237304	movie	Heaven Becomes Hell	Heaven Becomes Hell	0	1989	\N	99	Horror,Thriller
tt0238419	movie	Misstoestanden	Misstoestanden	0	2000	\N	\N	Comedy
tt0239788	movie	Patal Padmini	Patal Padmini	0	1930	\N	\N	\N
tt0241013	movie	Um Virgem na Praça	Um Virgem na Praça	0	1973	\N	102	Comedy
tt0241919	movie	Narita: The Sky of May	Sanrizuka: Gogatu no sora Sato no kayoiji	0	1977	\N	81	Documentary
tt0242856	movie	Sati Naag Kanya	Sati Naag Kanya	0	1983	\N	\N	Action,Adventure,Drama
tt0244071	movie	Day Off	Mercredi, folle journée!	0	2001	\N	127	Comedy,Drama
tt0245160	movie	Kashtata	Kashtata	0	1979	\N	89	\N
tt0246303	movie	Usha Kalyanam	Usha Kalyanam	0	1966	\N	\N	\N
tt0247536	movie	Moenjodaro: The City That Must Not Die	Moenjodaro: The City That Must Not Die	0	1972	\N	\N	Documentary
tt0248851	movie	Heroine Jinfeng Yu	Heroine Jinfeng Yu	0	1956	\N	\N	\N
tt0250108	movie	Las vírgenes locas	Las vírgenes locas	0	1972	\N	85	Comedy,Drama,Thriller
tt0251143	movie	Insaaf: The Final Justice	Insaaf: The Final Justice	0	1997	\N	155	Action,Comedy,Drama
tt0252113	movie	Souvenirs	Zikrayat	0	1958	\N	\N	\N
tt0253188	movie	Cry of a Peacock	Siramargi tchiche	0	1983	\N	87	Drama
tt0254183	movie	Bharya	Bharya	0	1968	\N	\N	\N
tt0255135	movie	Einar Schankes gledeshus	Einar Schankes gledeshus	0	1975	\N	107	Comedy
tt0256064	movie	Gunsundari	Gunsundari	0	1948	\N	153	Drama
tt0257203	movie	Strisahasam	Strisahasam	0	1951	\N	\N	\N
tt0258162	movie	Six Card Stud	Six Card Stud	1	1975	\N	65	Adult
tt0259055	movie	Thiruneelakantar	Thiruneelakantar	0	1939	\N	214	Biography,Drama,Musical
tt0260046	movie	Gezondheidskuur voor zuigelingen in Bosvoorde	Gezondheidskuur voor zuigelingen in Bosvoorde	0	1918	\N	\N	Documentary
tt0261097	movie	Ne pleure pas	Ne pleure pas	0	1978	\N	110	Drama,Family
tt0261942	movie	Rangeli Raja	Rangeli Raja	0	1971	\N	\N	\N
tt0263033	movie	Ada	Ada	0	1988	\N	62	Drama,Romance
tt0263732	movie	Revenge of the Angels	Meleklerin intikâmi	0	1966	\N	75	Drama,Romance
tt0264680	movie	Hellogoodbye	Hellogoodbye	0	1982	\N	60	\N
tt0265742	movie	Shkaf s surprizom	Shkaf s surprizom	0	1915	\N	\N	\N
tt0267130	movie	Yodha	Yodha	0	1991	\N	142	Action,Drama
tt0268390	movie	Isto é Streap-Tease	Isto é Streap-Tease	0	1962	\N	\N	Comedy
tt0269603	movie	The Girl in the Fur Coat	La fille à la fourrure	0	1978	\N	85	Horror,Sci-Fi
tt0270891	movie	Costa!	Costa!	0	2001	\N	95	Comedy,Romance
tt0272057	movie	Crónica de un cobarde	Crónica de un cobarde	0	1970	\N	95	Drama
tt0273502	movie	Our Love	Cinta kita	0	1995	\N	\N	Drama,Romance
tt0274725	movie	Pluft, o Fantasminha	Pluft, o Fantasminha	0	1962	\N	90	Adventure,Comedy,Family
tt0275761	movie	Urban Ground Squirrels	Urban Ground Squirrels	0	2002	\N	\N	\N
tt0276937	movie	A Love at Every Fair	En cada feria un amor	0	1961	\N	75	Comedy,Musical,Romance
tt0278080	movie	Syzyfowe prace	Syzyfowe prace	0	2000	\N	99	Drama
tt0279360	movie	Raisin' Kane: A Rapumentary	Raisin' Kane: A Rapumentary	0	2001	\N	76	Documentary
tt0280592	movie	Demain au bord du fleuve, les cauris nous ramasserons	Demain au bord du fleuve, les cauris nous ramasserons	0	1997	\N	48	Documentary
tt0281686	movie	Bubba Ho-Tep	Bubba Ho-Tep	0	2002	\N	92	Comedy,Fantasy,Horror
tt0282838	movie	The Perverse World of Beatrice	La perverse châtelaine dans l'écurie du sexe	1	1985	\N	\N	Adult
tt0284361	movie	Nöri gantar ailesi	Nöri gantar ailesi	0	1975	\N	84	Comedy
tt0285829	movie	Female Bank Teller: Rape Office	Onna ginko-in: Boko Office	0	1985	\N	62	Drama
tt0287086	movie	Vacuums	Vacuums	0	2003	\N	91	Comedy
tt0288208	movie	Wandering Seagull: Night in Kushiro	Sasurai kamome: Kushiro no yoru	0	1973	\N	76	Drama
tt0289422	movie	Riang tirana	Riang tirana	0	1990	\N	\N	\N
tt0290667	movie	Im Glanze ihrer Kronen	Im Glanze ihrer Kronen	0	1968	\N	80	Documentary
tt0291948	movie	Gia tin agapi tou paidiou mou	Gia tin agapi tou paidiou mou	0	1963	\N	73	Drama
tt0293385	movie	Malli	Malli	0	1998	\N	90	Drama
tt0294870	movie	Rent	Rent	0	2005	\N	135	Drama,Musical,Romance
tt0296180	movie	Satsujin yugi	Satsujin yugi	0	1978	\N	92	Action,Crime,Thriller
tt0298050	movie	Manito	Manito	0	2002	\N	78	Drama,Family
tt0299871	movie	The Conquest of Egypt	Fath Masr	0	1948	\N	\N	\N
tt0301648	movie	Naega majimag bon Heung-nam	Naega majimag bon Heung-nam	0	1984	\N	104	Drama
tt0303842	movie	Cheonpung	Cheonpung	0	1973	\N	90	Action
tt0305503	movie	Two and One	Dvoe i odna	0	1988	\N	85	Drama
tt0307358	movie	Pushchik edet v Pragu	Pushchik edet v Pragu	0	1965	\N	87	Comedy
tt0308834	movie	Echo of Love and Death	Salangwa jugeumui meali	0	1991	\N	200	Drama,War
tt0310330	movie	Vozvrashchenie Khodzhi Nasreddina	Vozvrashchenie Khodzhi Nasreddina	0	1990	\N	92	Drama,Family,Fantasy
tt0311833	movie	The Man in the Street	Sokaktaki Adam	0	1995	\N	74	Adventure,Drama
tt0313315	movie	Bristi	Bristi	0	1974	\N	122	Romance
tt0314495	movie	Los pepenadores de aca	Los pepenadores de aca	0	1985	\N	90	Comedy,Drama
tt0315802	movie	Fleshy Doll	Bambola di carne	0	1995	\N	98	Drama
tt0316912	movie	Tomboys of School	Yeogo yalgae	0	1977	\N	100	Comedy,Drama,Family
tt0318158	movie	Vasantham	Vasantham	0	1996	\N	\N	\N
tt0319339	movie	Ei Ravil	Ei Ravil	0	2001	\N	\N	\N
tt0320443	movie	Senta a Pua!	Senta a Pua!	0	1999	\N	112	Documentary
tt0322118	movie	Lovers Lost	Dôtonborigawa	0	1982	\N	123	Drama,Romance
tt0323411	movie	Ningen gyorai kaiten	Ningen gyorai kaiten	0	1955	\N	87	War
tt0325056	movie	Liberated Zone	Befreite Zone	0	2003	\N	97	Comedy,Drama
tt0326609	movie	A Miracle of Oam and Somwung	A Miracle of Oam and Somwung	0	1998	\N	87	Comedy
tt0328602	movie	V trudnyy chas	V trudnyy chas	0	1961	\N	101	War
tt0330226	movie	Dogs Bark	Dogs Bark	0	2002	\N	84	\N
tt0331370	movie	Whisky	Whisky	0	2004	\N	99	Comedy,Drama
tt0333034	movie	Hotel at 0 Hour	0shiui hotel	0	1983	\N	100	Mystery,Thriller
tt0334197	movie	Qing man Huangshan	Qing man Huangshan	0	1986	\N	\N	Drama
tt0335798	movie	A Trieste - vincere o morire!	A Trieste - vincere o morire!	0	1915	\N	\N	\N
tt0337887	movie	Confessions of an Action Star	Sledge: The Untold Story	0	2005	\N	83	Action,Comedy,Musical
tt0339703	movie	Sod Sisters	Sod Sisters	0	1969	\N	74	Crime,Drama,Thriller
tt0341602	movie	Bloody Battle of Suramun	Suramunui heoltu	0	1967	\N	98	Action,Drama
tt0343135	movie	Along Came Polly	Along Came Polly	0	2004	\N	90	Comedy,Romance
tt0344813	movie	Altin mezar	Altin mezar	0	1968	\N	\N	Adventure
tt0346127	movie	Walet merah	Walet merah	0	1993	\N	78	Action,Fantasy
tt0347755	movie	Peaches	Peaches	0	2004	\N	109	Drama
tt0349237	movie	Contreras Gang	Contreras Gang	0	1991	\N	111	Action
tt0350551	movie	Artistët kinezë në vendin tonë	Artistët kinezë në vendin tonë	0	1972	\N	\N	Documentary
tt0351506	movie	O'key	O'key	0	2002	\N	101	Comedy,Crime
tt0352623	movie	Neeyallengil Njan	Neeyallengil Njan	0	1987	\N	\N	\N
tt0353844	movie	Oru Prathyeka Ariyippu	Oru Prathyeka Ariyippu	0	1991	\N	\N	\N
tt0355328	movie	Churam	Churam	0	1997	\N	\N	Crime,Drama,Romance
tt0356574	movie	Die Einödpfarre	Die Einödpfarre	0	1915	\N	\N	Drama
tt0357962	movie	Nino	Nino	0	1972	\N	115	Drama,Romance
tt0359602	movie	Ang lihim ng Guadalupe	Ang lihim ng Guadalupe	0	1979	\N	\N	Adventure
tt0361129	movie	The Hotel Room	Yeochang	0	1971	\N	80	Drama,Romance
tt0363036	movie	Red and Blue	Rot und Blau	0	2003	\N	112	Drama
tt0364658	movie	Shama	Shama	0	1981	\N	\N	Crime,Drama,Romance
tt0366874	movie	Parasuram	Parasuram	0	2003	\N	142	Action,Drama
tt0368795	movie	Identity Kills	Identity Kills	0	2003	\N	81	Crime,Drama,Thriller
tt0370438	movie	Dalagang Ilokana	Dalagang Ilokana	0	1954	\N	\N	Comedy,Romance
tt0371751	movie	Jennifer	Jennifer	0	1970	\N	65	Romance
tt0373344	movie	Sur/Face juyon-nin no gendai kenchikuka-tachi	Sur/Face juyon-nin no gendai kenchikuka-tachi	0	2003	\N	97	Documentary
tt0374900	movie	Napoleon Dynamite	Napoleon Dynamite	0	2004	\N	96	Comedy
tt0376639	movie	Fugitive from Life	Hareb min el ayyam	0	1966	\N	\N	Crime,Drama,Romance
tt0378033	movie	Heukseol	Heukseol	0	1991	\N	108	Action
tt0379363	movie	Malibu Spring Break	Malibu Spring Break	0	2003	\N	77	Comedy
tt0380758	movie	Hush!	Tishe!	0	2003	\N	82	Documentary
tt0382558	movie	Bandido	Bandido	0	1997	\N	\N	Action,Drama
tt0384315	movie	Maria and the Inn	Mariawa yeoinsuk	0	1997	\N	97	Drama
tt0386327	movie	Bibi Blocksberg and the Secret of Blue Owls	Bibi Blocksberg und das Geheimnis der blauen Eulen	0	2004	\N	119	Comedy,Family,Fantasy
tt0388202	movie	Libiomfi	Libiomfi	0	2003	\N	75	Drama,Musical
tt0390005	movie	Finisterre	Finisterre	0	2003	\N	57	Documentary
tt0391362	movie	Nidelvia	Nidelvia	0	1920	\N	\N	Drama
tt0392737	movie	Sahmaran	Sahmaran	0	1972	\N	\N	\N
tt0395258	movie	Rishta Hai Pyar Ka	Rishta Hai Pyar Ka	0	1967	\N	\N	Musical
tt0397478	movie	Jaal	Jaal	0	1973	\N	\N	Musical
tt0399602	movie	Sa myeongdang	Sa myeongdang	0	1963	\N	110	Drama
tt0402057	movie	Beowulf & Grendel	Beowulf & Grendel	0	2005	\N	104	Action,Adventure,Drama
tt0404259	movie	Mémoires affectives	Mémoires affectives	0	2004	\N	100	Drama
tt0406634	movie	Cennet fedaileri	Cennet fedaileri	0	1965	\N	81	Drama
tt0408973	movie	Koroli rossiykogo syska: Ubiystvo Buturlina	Koroli rossiykogo syska: Ubiystvo Buturlina	0	1994	\N	\N	\N
tt0411634	movie	Masquerade	Masquerade	0	1967	\N	\N	Action,Mystery
tt0414911	movie	Code Name: Black & White	Code Name: Black & White	0	1988	\N	\N	Action,Comedy
tt0417096	movie	Room	Room	0	2005	\N	75	Drama,Mystery
tt0418831	movie	Liberated 2	Liberated 2	0	2004	\N	97	Comedy,Drama
tt0420731	movie	Laurel und Hardy auf der Jagd nach dem Mammon	Laurel und Hardy auf der Jagd nach dem Mammon	0	1973	\N	91	Comedy
tt0423313	movie	Tahalka	Tahalka	0	1992	\N	168	Action,Adventure,Thriller
tt0425235	movie	We Shall Overcome	Drømmen	0	2006	\N	109	Drama,Family
tt0427558	movie	Movie Mania	Eshgh-e film	0	2003	\N	88	\N
tt0429786	movie	Clouds in My Coffee	Clouds in My Coffee	0	2004	\N	\N	Drama
tt0431923	movie	Morras desmadrosas 2: ¿Y el desmadre?	Morras desmadrosas 2: ¿Y el desmadre?	0	2003	\N	90	Action,Crime,Drama
tt0434321	movie	Sa baril magtuos	Sa baril magtuos	0	1965	\N	\N	Action,Drama,Western
tt0436781	movie	Soldado de Deus	Soldado de Deus	0	2005	\N	80	Documentary
tt0439229	movie	Komtesse Doddy	Komtesse Doddy	0	1919	\N	\N	Comedy
tt0441306	movie	Der Herr ohne Wohnung	Der Herr ohne Wohnung	0	1925	\N	\N	Comedy
tt0443290	movie	Wellspring	Wellspring	0	2003	\N	49	Documentary
tt0445615	movie	Pag-ibig ko'y awitin mo	Pag-ibig ko'y awitin mo	0	1977	\N	\N	Drama,Music,Musical
tt0447680	movie	Padiglione 22	Padiglione 22	0	2006	\N	82	Horror,Thriller
tt0450686	movie	Die Fledermäuse von Rondshill	Die Fledermäuse von Rondshill	0	1914	\N	\N	\N
tt0452931	movie	AV	AV	0	2005	\N	103	Comedy,Drama,Romance
tt0455195	movie	Divergence	Sam cha hau	0	2005	\N	101	Action,Crime,Drama
tt0457278	movie	Anytown, USA	Anytown, USA	0	2005	\N	93	Documentary
tt0459751	movie	Balud	Balud	0	1952	\N	\N	Drama
tt0461838	movie	Die Schloßfrau von Radomsk	Die Schloßfrau von Radomsk	0	1917	\N	\N	\N
tt0464839	movie	Le temps n'efface rien	Le temps n'efface rien	0	2005	\N	51	Documentary
tt0467233	movie	Senorita	Senorita	0	1940	\N	\N	Drama
tt0470134	movie	Leïla et les autres	Leïla et les autres	0	1977	\N	69	Drama
tt0471915	movie	Share Bazaar	Share Bazaar	0	1997	\N	\N	Drama
tt0474642	movie	En la Cama	En la Cama	0	2005	\N	85	Drama
tt0477071	movie	Premonition	Premonition	0	2007	\N	96	Drama,Fantasy,Mystery
tt0479275	movie	Beautiful Ohio	Beautiful Ohio	0	2006	\N	91	Comedy,Drama
tt0482061	movie	Paghamak at paghihiganti	Paghamak at paghihiganti	0	2005	\N	\N	Drama
tt0484742	movie	Meißner Porzellan	Meißner Porzellan	0	1916	\N	\N	\N
tt0487459	movie	Mister Radio	Mister Radio	0	1924	\N	\N	Adventure
tt0489962	movie	Frères	Frères	0	1918	\N	\N	\N
tt0492492	movie	Sleeping Dogs Lie	Stay	0	2006	\N	87	Comedy,Drama,Romance
tt0495128	movie	Im Banne des Meeres	Im Banne des Meeres	0	1924	\N	\N	Documentary
tt0497916	movie	Hlyo-hwat-thaw-hnin	Hlyo-hwat-thaw-hnin	0	2005	\N	\N	Drama,Musical
tt0757855	movie	Adolphong Hitler	Adolphong Hitler	0	1969	\N	\N	Adventure,Comedy
tt0765442	movie	The Dust of Time	Trilogia II: I skoni tou hronou	0	2008	\N	125	Drama
tt0777990	movie	Palasig	Palasig	0	1952	\N	\N	Adventure,Drama,Fantasy
tt0783585	movie	Snow Blind	Snow Blind	0	2006	\N	105	Documentary
tt0791409	movie	Alipin ng palad	Alipin ng palad	0	1938	\N	\N	\N
tt0799960	movie	Burke & Wills	Burke & Wills	0	2006	\N	72	Drama
tt0808429	movie	Programas	Programas	0	2006	\N	80	Documentary
tt0816192	movie	Behind the Clouds	Atrás das Nuvens	0	2007	\N	86	Drama,Family,Fantasy
tt0822847	movie	Priest	Priest	0	2011	\N	87	Action,Adventure,Fantasy
tt0830198	movie	Rimini Lampedusa Italia	Rimini Lampedusa Italia	0	2004	\N	78	Documentary
tt0839960	movie	Quale amore	Quale amore	0	2006	\N	97	Drama
tt0847897	movie	The Stone Angel	The Stone Angel	0	2007	\N	115	Drama
tt0861781	movie	Jimmy della collina	Jimmy della collina	0	2006	\N	90	Drama
tt0875013	movie	Solomon Grundy	Solomon Grundy	0	\N	\N	\N	Comedy,Drama
tt0887749	movie	A Painful Pair	Itai futari	0	2002	\N	112	Comedy,Drama,Romance
tt0899286	movie	One Long Day	One Long Day	0	2004	\N	\N	\N
tt0910860	movie	Delta	Delta	0	2008	\N	92	Drama
tt0924467	movie	Nise mibôjin - Ichijiku hakusho	Nise mibôjin - Ichijiku hakusho	0	1984	\N	60	\N
tt0934962	movie	Su nombre es Chavela	Su nombre es Chavela	0	2006	\N	51	Biography,Documentary
tt0948530	movie	Moscow, Belgium	Aanrijding in Moscou	0	2008	\N	102	Comedy,Drama,Romance
tt0956299	movie	Konservy	Konservy	0	2007	\N	112	Action
tt0968766	movie	Crazy Loves	Amores locos	0	2009	\N	90	Romance
tt0979873	movie	Desert of Eden	Desert of Eden	0	2007	\N	85	Drama
tt0992911	movie	Flash Point	Dou foh sin	0	2007	\N	88	Action,Crime,Thriller
tt10011144	movie	Unknown title at this point	Unknown title at this point	0	\N	\N	\N	Comedy,Horror
tt10033856	movie	Viral 2019	Viral 2019	0	\N	\N	\N	Comedy
tt10055886	movie	Chicas Loca 3: Putas En Público 2	Chicas Loca 3: Putas En Público 2	1	2016	\N	\N	Adult
tt10079448	movie	In a Silent Way	In a Silent Way	0	2020	\N	93	Comedy
tt10100314	movie	The Cellist of Sarajevo	The Cellist of Sarajevo	0	\N	\N	\N	Drama
tt10121894	movie	In Search of Echo	In Search of Echo	0	2019	\N	\N	Drama
tt10140992	movie	Season's Grievings	Season's Grievings	0	2019	\N	90	Horror
tt10160608	movie	The Amazon Changers - Cook to Empower	The Amazon Changers - Cook to Empower	0	2019	\N	55	Documentary
tt10182228	movie	Morbid Stories	Morbid Stories	0	2019	\N	77	Horror
tt10199026	movie	Ge chang yao ji	Ge chang yao ji	0	1959	\N	\N	Musical,Romance
tt10218664	movie	The Captain	Zhong guo ji zhang	0	2019	\N	111	Action,Adventure,Drama
tt10237680	movie	Les Chinois et moi	Les Chinois et moi	0	2019	\N	70	Comedy,Documentary
tt10262950	movie	Tengu no gen'nai	Tengu no gen'nai	0	1953	\N	75	Drama
tt10284350	movie	Mr.Clean	Mr.Clean	0	\N	\N	\N	Action
tt10306238	movie	Claire	Claire	0	2019	\N	\N	Drama
tt10328804	movie	Chuyên Tình My Châu	Chuyên Tình My Châu	0	1992	\N	\N	Drama,History,Romance
tt10353736	movie	Fa Hai	Fa Hai	0	2018	\N	95	Action,Drama,Fantasy
tt10372626	movie	Tous flics!	Tous flics!	0	2020	\N	\N	Comedy
tt10395398	movie	That Was Life	La vida era eso	0	2020	\N	109	Drama
tt10413774	movie	Gennithike noris	Gennithike noris	0	2018	\N	49	Biography,Documentary
tt10431010	movie	Raatchasi	Raatchasi	0	2019	\N	134	Drama
tt10448958	movie	Abrahams	Abrahams	0	2018	\N	\N	\N
tt10461512	movie	Samsquanch County	Samsquanch County	0	2020	\N	89	Comedy
tt10475394	movie	A kokain földjén	A kokain földjén	0	2000	\N	85	Documentary
tt10497992	movie	Shantet Hamza	Shantet Hamza	0	2017	\N	\N	\N
tt10511056	movie	Untitled Stefan Zweig	Untitled Stefan Zweig	0	\N	\N	\N	Drama
tt10525478	movie	Mapaeeomneun eosa	Mapaeeomneun eosa	0	1971	\N	88	\N
tt1054631	movie	House Broken	House Broken	0	2010	\N	84	Comedy
tt10573984	movie	Koko	Koko	0	2021	\N	100	Comedy,Drama,Romance
tt1059316	movie	Serpent and the Sun: Tales of an Aztec Apprentice	Serpent and the Sun: Tales of an Aztec Apprentice	0	2009	\N	92	Action,Documentary
tt10622494	movie	The Wisdom Pond	The Wisdom Pond	0	\N	\N	\N	Family
tt10644910	movie	Min Alesh?	Min Alesh?	0	2019	\N	84	Drama
tt10666322	movie	Happy Anniversary	Happy Anniversary	0	\N	\N	\N	Horror
tt10687220	movie	Nikamma	Nikamma	0	2021	\N	\N	Action
tt10709232	movie	Hero	Hero	0	2019	\N	164	Action,Drama,Thriller
tt10733938	movie	The Hidden Track	The Hidden Track	0	2019	\N	138	Drama
tt10754206	movie	Hip Hop Holiday	Hip Hop Holiday	0	2019	\N	87	Comedy
tt10773970	movie	Machi no hi	Machi no hi	0	1934	\N	\N	Drama
tt1078917	movie	The Only Good Indian	The Only Good Indian	0	2009	\N	114	Western
tt10804168	movie	Outside the Circle	Outside the Circle	0	\N	\N	\N	Family
tt1082599	movie	Stag Night	Stag Night	0	2008	\N	84	Horror,Thriller
tt1084746	movie	Twin Rivers	Twin Rivers	0	2007	\N	106	Drama
tt10874358	movie	Liverpool vs Arsenal	Liverpool vs Arsenal	0	2019	\N	90	\N
tt10897468	movie	Mizhi Thurakku	Mizhi Thurakku	0	2014	\N	104	Drama,Romance
tt10917968	movie	Bullied	Bullied	0	2020	\N	\N	Drama
tt10931336	movie	Orsova Noua 5: Epilog	Orsova Noua 5: Epilog	0	2010	\N	115	Action,Drama,Romance
tt10947950	movie	Dark Sightings	Dark Sightings	0	\N	\N	\N	Horror
tt1096964	movie	Usuyuki zôshi	Usuyuki zôshi	0	1918	\N	\N	\N
tt10990584	movie	Seeing Beauty: Gianni Versace's Miami Beach Palazzo	Seeing Beauty: Gianni Versace's Miami Beach Palazzo	0	2019	\N	65	Documentary
tt11015386	movie	The Eyes Of The Amaryllis	The Eyes Of The Amaryllis	0	\N	\N	\N	Horror
tt1103963	movie	24 City	Er shi si cheng ji	0	2008	\N	112	Drama
tt11061812	movie	Scrapper	Scrapper	0	\N	\N	\N	Drama,Thriller
tt11090894	movie	Best Director	Zui jia dao yan	0	2019	\N	93	Drama
tt1111421	movie	Sôrôri shinzaemon	Sôrôri shinzaemon	0	1921	\N	\N	\N
tt11136046	movie	The Calling	Volanie	0	2019	\N	70	Documentary
tt11157182	movie	Hero	Hero	0	2018	\N	166	Drama
tt1117625	movie	Replacing the Nanny	Replacing the Nanny	0	\N	\N	\N	Comedy
tt11198688	movie	Cowboy	Cowboy	0	\N	\N	\N	Drama
tt1121930	movie	Cha chi hu	Cha chi hu	0	1970	\N	93	Action,Adventure
tt1124123	movie	Promoce	Promoce	0	1921	\N	\N	Comedy
tt11262950	movie	The Face of Hannibal	The Face of Hannibal	0	\N	\N	\N	Thriller
tt11287482	movie	MAI SENZA: La sessualità alla Terza Età	MAI SENZA: La sessualità alla Terza Età	0	2011	\N	60	Documentary
tt1130968	movie	Redlight Greenlight	Redlight Greenlight	0	2010	\N	90	Drama
tt11332934	movie	The GSZ Guide to Surviving the Zombie Plague	The GSZ Guide to Surviving the Zombie Plague	0	2016	\N	73	Horror
tt11354418	movie	Jete Nahi Dibo	Jete Nahi Dibo	0	2020	\N	\N	Drama
tt1137437	movie	Between Love & Goodbye	Between Love & Goodbye	0	2008	\N	97	Drama,Music,Romance
tt11394104	movie	A History of Female Masculinity 1800-2000	A History of Female Masculinity 1800-2000	0	\N	\N	\N	Documentary
tt1141638	movie	Britain's Sexual Fantasies	Britain's Sexual Fantasies	0	2005	\N	\N	Documentary
tt1143891	movie	Birdsong	El cant dels ocells	0	2008	\N	98	Drama
tt11459518	movie	The Player	The Player	0	\N	\N	\N	Drama
tt11481312	movie	Citation	Citation	0	2020	\N	151	Drama,Thriller
tt11505820	movie	Roza: Welatê du çeman	Roza: Welatê du çeman	0	2016	\N	75	Documentary,War
tt1153093	movie	No Impact Man	No Impact Man	0	\N	\N	\N	Comedy,Drama
tt1155766	movie	Yanagawa Shôhachi	Yanagawa Shôhachi	0	1921	\N	\N	\N
tt11576938	movie	Il Ladro di Cardellini	Il Ladro di Cardellini	0	2020	\N	90	Comedy
tt11599318	movie	A Wedding on the Execution Ground	A Wedding on the Execution Ground	0	2019	\N	\N	\N
tt11619012	movie	Lost in the 80s	Lost in the 80s	0	2019	\N	85	Documentary
tt11644218	movie	London Love Story	London Love Story	0	2016	\N	89	Drama,Romance
tt11665104	movie	Tôtan ni kawaikû nattanoyo	Tôtan ni kawaikû nattanoyo	0	1932	\N	\N	Drama
tt11692074	movie	Detective Dee the Headless God will	Detective Dee the Headless God will	0	2018	\N	87	Action
tt1171617	movie	Rahasia patukan cobra	Rahasia patukan cobra	0	1990	\N	74	\N
tt11736000	movie	Anatomy of an Antihero: Redemption	Anatomy of an Antihero: Redemption	0	2020	\N	92	Action,Crime,Drama
tt11753722	movie	The Foundation Pit	The Foundation Pit	0	2020	\N	71	Documentary
tt11773456	movie	Naandhi	Naandhi	0	2021	\N	146	Crime,Drama,Thriller
tt1179761	movie	A Colored Life: The Herb Jeffries Story	A Colored Life: The Herb Jeffries Story	0	2008	\N	45	Biography,Documentary
tt11818624	movie	Our Daily Bread	Our Daily Bread	0	2020	\N	71	Documentary
tt11839474	movie	Valiente	Valiente	0	\N	\N	\N	\N
tt11860976	movie	Pere Tarrés (1905 - 1950)	Pere Tarrés (1905 - 1950)	0	2007	\N	\N	Documentary
tt1188991	movie	Batid ng Diyos	Batid ng Diyos	0	1963	\N	\N	Drama
tt11909046	movie	Curtain Up!	Curtain Up!	0	2020	\N	69	Comedy,Documentary,Family
tt11932678	movie	Southern Gospel	Southern Gospel	0	\N	\N	\N	Biography,Drama,Music
tt11955100	movie	Ubojnye Vesti Iz Chuhlomy	Ubojnye Vesti Iz Chuhlomy	0	2019	\N	\N	Drama
tt11981480	movie	La strage di Piazza Fontana e le bombe a Roma	La strage di Piazza Fontana e le bombe a Roma	0	2019	\N	57	Documentary
tt12007868	movie	Leo Sayer: Live from the Harlow Playhouse	Leo Sayer: Live from the Harlow Playhouse	0	2015	\N	90	Music
tt12031212	movie	Time Warp: The Greatest Cult Films of All-Time- Vol. 2 Horror and Sci-Fi	Time Warp: The Greatest Cult Films of All-Time- Vol. 2 Horror and Sci-Fi	0	2020	\N	83	Documentary,Horror,Sci-Fi
tt1205489	movie	Gran Torino	Gran Torino	0	2008	\N	116	Drama
tt12076848	movie	The Void	The Void	0	\N	\N	\N	Horror
tt12098644	movie	Untitled Garfield Project	Untitled Garfield Project	0	\N	\N	\N	\N
tt12127078	movie	Jack Made A Play About John	Jack Made A Play About John	0	2021	\N	\N	Documentary
tt12150234	movie	The Clare French Film	The Clare French Film	0	2021	\N	60	Documentary
tt1217621	movie	Man Under	Man Under	0	\N	\N	\N	Comedy,Drama
tt1220216	movie	Cowboi	Cowboi	0	\N	\N	\N	Drama
tt1222815	movie	Chimpanzee	Chimpanzee	0	2012	\N	78	Documentary,Family
tt12254648	movie	The Sundown Club	The Sundown Club	0	\N	\N	\N	Action,Thriller
tt12275328	movie	Vignettes	Vignettes	0	\N	\N	\N	Drama,Romance
tt12302528	movie	Mozgóképregény	Mozgóképregény	0	2010	\N	75	Documentary
tt1232775	movie	Drones	Drones	0	2010	\N	98	Comedy
tt1235200	movie	Mercy	Mercy	0	2009	\N	87	Drama,Romance
tt12376008	movie	Untitled Sandoval Hero Project	Untitled Sandoval Hero Project	0	\N	\N	\N	Drama,History
tt12401036	movie	With Child	With Child	0	\N	\N	\N	Horror
tt1242549	movie	Tenderloin	Tenderloin	0	2009	\N	80	Drama
tt1244732	movie	Triple X	Triple X	0	1971	\N	\N	Action,Comedy
tt12472252	movie	Zenská pomsta	Zenská pomsta	0	2020	\N	88	Comedy
tt12492970	movie	L'Automne en fuite (Carnet Filmé: 10 novembre 2014 - 31 décembre 2014)	L'Automne en fuite (Carnet Filmé: 10 novembre 2014 - 31 décembre 2014)	0	2015	\N	70	Documentary
tt12523608	movie	Three Days Missing	Three Days Missing	0	\N	\N	\N	Thriller
tt12552370	movie	Fragged (Forgotten) 2019	Fragged (Forgotten) 2019	0	\N	\N	\N	Drama
tt1258735	movie	Fatal Assignment	Kung chong tin ngai	0	1995	\N	\N	Crime
tt1261422	movie	RR	RR	0	2007	\N	111	Documentary
tt12637880	movie	The Consultant	The Consultant	0	\N	\N	\N	Drama
tt12669982	movie	Six Feet	Six Feet	0	\N	\N	\N	Drama,Mystery,Thriller
tt12695122	movie	Untitled Romantic Film	Untitled Romantic Film	0	\N	\N	\N	Romance
tt12716076	movie	The Match	The Match	0	\N	\N	\N	\N
tt12743910	movie	Breaking Point	Breaking Point	0	2021	\N	\N	Drama
tt12766832	movie	Caffiend	Caffiend	0	2022	\N	\N	Musical
tt12789472	movie	The Biggest Meatball in the World	The Biggest Meatball in the World	0	2001	\N	95	Comedy,Drama,Horror
tt12815304	movie	Metronome	Metronome	0	\N	\N	\N	Drama
tt12838766	movie	Space Sweepers	Seungriho	0	2021	\N	136	Action,Adventure,Drama
tt1286144	movie	Familiar Voices	Familiar Voices	0	2008	\N	67	Documentary
tt12883664	movie	Revueltas	Revueltas	0	2020	\N	\N	Drama
tt1291545	movie	Love and Dance	Kochaj i tancz	0	2009	\N	118	Romance
tt12939960	movie	Chain Reaction	Chain Reaction	0	2020	\N	87	Drama
tt12969298	movie	Azhahendra Sollukku Amudha	Azhahendra Sollukku Amudha	0	2016	\N	138	Drama
tt12992000	movie	Promised the Moon	Promised the Moon	0	\N	\N	\N	Drama,History
tt13018258	movie	Vestida de Silêncio	Vestida de Silêncio	0	\N	\N	\N	Biography
tt13045710	movie	The House of the Silent Bat	The House of the Silent Bat	0	2020	\N	186	Horror,Thriller
tt13068704	movie	Shark, You Son of a Bitch	Shark, You Son of a Bitch	0	2021	\N	\N	Horror
tt1308994	movie	A Sly Gentleman Shows Up	Tanuki shinshi tôjô	0	1948	\N	\N	\N
tt13115346	movie	Banaras Vanilla	Banaras Vanilla	0	\N	\N	90	Drama
tt13138242	movie	Keep Moving	In Bewegung bleiben	0	2021	\N	139	Documentary
tt13155762	movie	Tsumitobachi kohen hojo maki kawakami yu	Tsumitobachi kohen hojo maki kawakami yu	1	2013	\N	\N	Adult
tt13181456	movie	Artists Amidst Covid 19 and Black Lives Matter	Artists Amidst Covid 19 and Black Lives Matter	0	2020	\N	\N	Documentary
tt1320241	movie	Catahoula	Catahoula	0	2008	\N	105	Drama,Romance,Thriller
tt13229526	movie	Eyes in the Dark	Eyes in the Dark	0	\N	\N	\N	Horror
tt13253894	movie	Mad Maxine: Frisky Road	Mad Maxine: Frisky Road	0	2018	\N	\N	Comedy
tt1326972	movie	Red Cliff II	Chi bi: Jue zhan tian xia	0	2009	\N	142	Action,Adventure,Drama
tt13288838	movie	Train School	Train School	0	2021	\N	57	Animation,Documentary
tt13307972	movie	The Right Girl	The Right Girl	0	2020	\N	\N	Musical
tt1332565	movie	Mukhra	Mukhra	0	1958	\N	\N	Musical
tt13349838	movie	Angelina: The Queen of Coffee	Angelina: The Queen of Coffee	0	\N	\N	\N	Drama
tt1337054	movie	Lost in Winesburg	Lost in Winesburg	0	2008	\N	80	Documentary
tt1338600	movie	The Gallstone	The Gallstone	0	2007	\N	90	Adventure,Comedy
tt1339637	movie	The Best Sex Education of the 20th Century	The Best Sex Education of the 20th Century	0	2009	\N	88	Documentary
tt13410842	movie	Shehri Gabru	Shehri Gabru	0	2020	\N	62	Comedy,Crime
tt1343085	movie	Film Lovers: Unexposed	Film Lovers: Unexposed	0	2003	\N	50	Documentary
tt13446566	movie	Zwölferleitn	Zwölferleitn	0	\N	\N	\N	Drama
tt13468322	movie	Money Making Game	Money Making Game	0	2019	\N	\N	Documentary
tt13491196	movie	Fait Accompli	Fait Accompli	0	2021	\N	\N	Horror
tt1351681	movie	Bye Bye Birdie	Bye Bye Birdie	0	\N	\N	\N	Comedy,Musical
tt1353964	movie	L'amiata è anche un fiume	L'amiata è anche un fiume	0	1983	\N	60	Documentary
tt1356394	movie	The Black Facade	The Black Facade	0	2009	\N	84	Comedy
tt13587636	movie	Hei xia gui lai	Hei xia gui lai	0	1948	\N	\N	Action
tt13611532	movie	El amor es más fácil	El amor es más fácil	0	2020	\N	85	Comedy
tt13627528	movie	Everyone Wants to Be the Next Weismann	Todos quieren ser el próximo Weismann	0	2020	\N	65	Documentary
tt13651696	movie	The U.S.P.S.	The U.S.P.S.	0	\N	\N	\N	\N
tt13672900	movie	The Story of Our Journey	The Story of Our Journey	0	2020	\N	54	Music
tt1369718	movie	Jagad X Code	Jagad X Code	0	2009	\N	\N	\N
tt13722568	movie	The Playground	The Playground	0	2020	\N	66	Drama
tt1374963	movie	Thirty Second Doom	Thirty Second Doom	0	2008	\N	\N	Action,Adventure,Crime
tt1378181	movie	Anne Stewart: A Most Successful Failure	Anne Stewart: A Most Successful Failure	0	2008	\N	76	Documentary
tt13802196	movie	Sipayi	Sipayi	0	1996	\N	139	Romance
tt1382627	movie	Halfway	Harufuwei	0	2009	\N	85	Drama,Romance
tt13854560	movie	Dimensiones Animadas	Dimensiones Animadas	0	2019	\N	105	Documentary
tt13876004	movie	Sally	Sally	0	\N	\N	\N	Documentary
tt1389560	movie	Sophie aime les sucettes	Sophie aime les sucettes	1	1978	\N	80	Adult
tt1391657	movie	Angel of Death	Angel of Death	0	2008	\N	84	Horror,Mystery,Thriller
tt13937222	movie	Sandstorm	Sandstorm	0	\N	\N	\N	Crime
tt13963618	movie	Sign the Show: Deaf Culture, Access & Entertainment	Sign the Show: Deaf Culture, Access & Entertainment	0	2021	\N	\N	Documentary
tt13986278	movie	Subtext	Subtext	0	2022	\N	\N	\N
tt14009932	movie	Necromurder	Necromurder	0	2022	\N	110	Horror
tt1403131	movie	The Boot Cake	The Boot Cake	0	2008	\N	74	Documentary
tt1405479	movie	Anime ribelli	Anime ribelli	0	1921	\N	\N	\N
tt1407305	movie	Totoy Guwapo	Totoy Guwapo	0	1981	\N	\N	Action
tt14090420	movie	The Bottle Imp	Der Flaschenteufel	0	1952	\N	\N	Animation
tt14113346	movie	Adriano - Imperador	Adriano - Imperador	0	\N	\N	\N	Documentary
tt14128396	movie	Nous paysans	Nous paysans	0	2021	\N	90	Documentary
tt1414845	movie	Men for Hire	Men for Hire	0	2008	\N	53	Documentary
tt14177986	movie	All You Need	All You Need	0	\N	\N	150	Drama
tt14201484	movie	1000 Zeilen	1000 Zeilen	0	\N	\N	\N	Drama
tt1422044	movie	Histoires de cul	Histoires de cul	1	1980	\N	70	Adult
tt14232442	movie	Bratri	Bratri	0	2022	\N	\N	Drama,History
tt14252754	movie	Photos from A Funeral	Photos from A Funeral	0	\N	\N	\N	Comedy
tt14270902	movie	Gentle Warriors	Gentle Warriors	0	2020	\N	75	Documentary
tt1429398	movie	The Prairie Boys	The Prairie Boys	0	\N	\N	125	Crime,Thriller
tt1431252	movie	Here, a Shining Light	Inja cheraghi roshan ast	0	2003	\N	80	Drama
tt1433078	movie	Amy's Night Out	Amy's Night Out	0	2007	\N	675	Horror
tt14349438	movie	Tuju Tuju	Tuju Tuju	0	2021	\N	80	Horror
tt14371244	movie	First Oscar	First Oscar	0	\N	\N	\N	Drama,History,War
tt14395840	movie	The Illum	The Illum	0	\N	\N	\N	Action,Sci-Fi,Thriller
tt14419140	movie	Untitled Matt Wolf Documentary Part 1	Untitled Matt Wolf Documentary Part 1	0	\N	\N	\N	Documentary
tt14446558	movie	Shaken	Shaken	0	2018	\N	\N	Drama
tt1446498	movie	The Familiar	The Familiar	0	2009	\N	101	Horror
tt1449215	movie	Manara Murchana	Manara Murchana	0	1996	\N	\N	Drama
tt14515516	movie	Liverpool Football Club End of Season Review 2016/17	Liverpool Football Club End of Season Review 2016/17	0	2017	\N	115	Documentary
tt14539616	movie	The Monster Mash	The Monster Mash	0	\N	\N	\N	Horror
tt14558136	movie	Hollywood Maudit: Destins Tragiques	Hollywood Maudit: Destins Tragiques	0	2021	\N	52	Documentary
tt14584342	movie	Elixir Mandragora	Elixir Mandragora	0	\N	\N	90	Musical
tt14602008	movie	The Man Who Saved the World	The Man Who Saved the World	0	\N	\N	\N	\N
tt14625266	movie	Statale 106	Statale 106	0	2019	\N	\N	Documentary
tt1464569	movie	The Girl Robinson Crusoe	Robinsonka	0	1957	\N	81	Drama
tt14670094	movie	Ruthless	Ruthless	0	\N	\N	\N	Action
tt1468883	movie	When the Devil Comes	When the Devil Comes	0	2017	\N	\N	Horror
tt14713164	movie	Nameless Island	Wuming dao	0	1960	\N	85	Thriller,War
tt14735548	movie	Tous en scène, L'aventure de la jeune symphonie de l'Aisne	Tous en scène, L'aventure de la jeune symphonie de l'Aisne	0	2019	\N	56	Music
tt14760966	movie	Vakker	Vakker	0	\N	\N	\N	Drama
tt1478284	movie	Ruínas	Ruínas	0	2009	\N	60	Documentary
tt14807586	movie	Alister Sparks Interviews	Alister Sparks Interviews	0	1988	\N	\N	Documentary
tt14826582	movie	Mannen som vandrar i september	Mannen som vandrar i september	0	2005	\N	57	Documentary
tt14851760	movie	Green Hat	Green Hat	0	2021	\N	\N	Crime
tt14874252	movie	Love by Design	Love by Design	0	2020	\N	106	Romance
tt1490595	movie	Cerro de Pasco: The Forgotten City	Cerro de Pasco: The Forgotten City	0	2009	\N	70	Documentary,News
tt1493215	movie	Stranded in the Motor City	Stranded in the Motor City	0	2010	\N	69	Biography,Documentary,Drama
tt14960582	movie	Hinsdale	Hinsdale	0	\N	\N	\N	Horror
tt14991852	movie	Mor Ve Ötesi: Live Das Das Istanbul	Mor Ve Ötesi: Live Das Das Istanbul	0	2020	\N	\N	Music
tt15012246	movie	Bowling Saturne	Bowling Saturne	0	\N	\N	\N	\N
tt15036522	movie	Lotería	Lotería	0	2022	\N	\N	\N
tt1505921	movie	Srideva Kamakshi Kataksham	Srideva Kamakshi Kataksham	0	1989	\N	131	\N
tt1508325	movie	Por la gracia de Luis	Por la gracia de Luis	0	2009	\N	90	Documentary
tt15105352	movie	Spaghetti Code Love	Spaghetti Code Love	0	2021	\N	96	Drama
tt15125630	movie	15 Seconds of Spotlight	15 Seconds of Spotlight	0	\N	\N	\N	Sport
tt15145006	movie	THE QUEST: Nepal	The Quest: Nepal	0	2021	\N	70	Documentary
tt15170026	movie	Adrushya	Adrushya	0	\N	\N	\N	Thriller
tt15191942	movie	Talking to Strangers	Talking to Strangers	0	\N	\N	\N	Crime,Thriller
tt15211986	movie	The Check Up	The Check Up	0	\N	\N	\N	Drama
tt1523515	movie	Jolly Life	Neseli Hayat	0	2009	\N	100	Comedy
tt1525847	movie	If You Want	If You Want	0	\N	\N	\N	Comedy,Romance
tt15282174	movie	Kandis for Livet	Kandis for Livet	0	2021	\N	\N	Documentary
tt15304420	movie	Dirty, Difficult, Dangerous	Dirty, Difficult, Dangerous	0	2021	\N	\N	Drama
tt1534555	movie	Tonsil	Tonsil	0	1956	\N	\N	Drama
tt1540122	movie	I Am a Dream Chaser	I Am a Dream Chaser	0	2011	\N	\N	Documentary
tt1545099	movie	My American Nurse 2	My American Nurse 2	0	2010	\N	99	Comedy
tt1552057	movie	Ill Generation	Ill Generation	0	2004	\N	105	Fantasy
tt1558949	movie	First Come, First Served: A Universal Pre-K Story	First Come, First Served: A Universal Pre-K Story	0	2009	\N	48	Documentary,News
tt1566598	movie	Nashibwan	Nashibwan	0	1988	\N	\N	Drama
tt1573846	movie	Jeevan Saathi	Jeevan Saathi	0	1957	\N	\N	Drama
tt1579767	movie	Gangwar	Gangwar	0	1992	\N	\N	Action
tt1584684	movie	999 Rupayalu Matrame	999 Rupayalu Matrame	0	2007	\N	\N	Comedy
tt1590969	movie	Das Gedächtnis von Bombay	Das Gedächtnis von Bombay	0	1993	\N	63	Documentary
tt1599296	movie	Going Down in LA-LA Land	Going Down in LA-LA Land	0	2011	\N	104	Comedy,Drama,Romance
tt1606246	movie	Iddaru Attala Muddula Alludu	Iddaru Attala Muddula Alludu	0	2006	\N	\N	\N
tt1612241	movie	Au Revoir My Paris Heart	Au Revoir My Paris Heart	0	2010	\N	102	Comedy,Drama
tt1620570	movie	Paradiso bianco - Spedizione italiana al Caracorum comandata da S.A.R. il Duca di Spoleto	Paradiso bianco - Spedizione italiana al Caracorum comandata da S.A.R. il Duca di Spoleto	0	1929	\N	80	Drama
tt1628768	movie	The Bird Catcher	The Bird Catcher	0	2010	\N	83	Adventure,Drama,Thriller
tt1637664	movie	Weird Tales 3: The Pioneer's Lost Trunk	Weird Tales 3: The Pioneer's Lost Trunk	0	2009	\N	60	Documentary
tt1646203	movie	Two Faces of My Girlfriend	Du eolgurui yeochin	0	2007	\N	117	Comedy,Drama,Romance
tt1653994	movie	Alles andere kann ich sehen, doch solche Menschen nicht	Alles andere kann ich sehen, doch solche Menschen nicht	0	1980	\N	90	Documentary
tt1663637	movie	Dilbert	Dilbert	0	\N	\N	\N	Comedy
tt1669784	movie	Country Love Song	Country Love Song	0	\N	\N	\N	Romance
tt1677570	movie	Le vite possibili	Le vite possibili	0	2009	\N	50	Documentary
tt1686088	movie	Pre-Madonna	Pre-Madonna	0	2004	\N	\N	Music
tt1693727	movie	Massacre	Massacre	0	2010	\N	68	Action,Horror
tt1703069	movie	Kakera	Kakera	0	2009	\N	\N	\N
tt1712170	movie	Alex Cross	Alex Cross	0	2012	\N	101	Action,Crime,Mystery
tt1720191	movie	Pieces for Peace	Pieces for Peace	0	2008	\N	68	War
tt1728125	movie	Gohine Shobdo	Gohine Shobdo	0	2010	\N	105	Action,Drama
tt1735350	movie	Empty Rooms	Empty Rooms	0	2012	\N	92	Drama,Horror,Mystery
tt1743701	movie	Haunted Universities	Mahalai sayongkwan	0	2009	\N	110	Horror
tt1754194	movie	Railway Spine	Railway Spine	0	2016	\N	105	Crime,Drama,War
tt1758687	movie	On ne mourra pas d'en parler	Les équilibristes	0	2012	\N	90	Biography,Documentary
tt1768637	movie	Barcelona era una fiesta (Underground 1970-1983)	Barcelona era una fiesta (Underground 1970-1983)	0	2010	\N	56	Documentary
tt1776063	movie	Angels on the Rail	Angels on the Rail	0	2010	\N	54	Drama
tt1783732	movie	John Dies at the End	John Dies at the End	0	2012	\N	99	Comedy,Fantasy,Horror
tt1789917	movie	Stanley	Stanley	0	2010	\N	80	Horror
tt1797547	movie	The Road Less Traveled	Yat lo yau lei	0	2010	\N	108	Drama
tt1808152	movie	Gathering with the Men of Síða	Gathering with the Men of Síða	0	2009	\N	\N	Documentary
tt1816000	movie	The Proxy	The Proxy	0	\N	\N	\N	Crime,Thriller
tt1823153	movie	Les magasins ne réfléchissent pas la nuit	Les magasins ne réfléchissent pas la nuit	0	2009	\N	45	Mystery
tt1830643	movie	Death of Me	Death of Me	0	2020	\N	94	Horror,Mystery,Thriller
tt1837531	movie	Chica's Story: A New Day Has Broken	Chica's Story: A New Day Has Broken	0	2010	\N	90	Documentary
tt1844001	movie	Old Bridges/New Friends	Old Bridges/New Friends	0	1991	\N	80	Documentary
tt1849845	movie	Qing chun ai ren shi jian	Qing chun ai ren shi jian	0	2005	\N	\N	\N
tt1857736	movie	The Life and Death of Celso Junior	I zoi kai o thanatos tou Selso Tzounior	0	2011	\N	49	Documentary
tt1864500	movie	Tenshi chouhou Jinguuji Mikoto: Nerawareta seito kaichou	Tenshi chouhou Jinguuji Mikoto: Nerawareta seito kaichou	0	2009	\N	\N	\N
tt1871291	movie	Hinala	Hinala	0	2011	\N	\N	Drama
tt1883148	movie	Bleed	Bleed	0	2005	\N	120	Horror
tt1893369	movie	The Harder They Come	The Harder They Come	0	\N	\N	\N	Crime,Drama,Music
tt1910533	movie	Doubting Thomas	Doubting Thomas	0	2005	\N	50	Documentary
tt1922691	movie	Youth Affair	Rabeteye javani	0	1976	\N	99	Drama,Romance
tt1933551	movie	Buzzkill: Is There Life After Coffee?	Buzzkill: Is There Life After Coffee?	0	2010	\N	92	Adventure,Comedy,Documentary
tt1942054	movie	Dans la forêt	Dans la forêt	0	\N	\N	\N	Horror,Thriller
tt1951222	movie	Profonds Regrets	Profonds Regrets	0	2005	\N	127	\N
tt1961220	movie	Bullycam	Bullycam	0	2011	\N	85	Drama
tt1972645	movie	Don't Tread on Me	Don't Tread on Me	0	2010	\N	94	Documentary,History,News
tt1981621	movie	Cristo	Cristo	0	\N	\N	\N	Adventure,Sci-Fi
tt1990255	movie	The Pretending Lovers	Jia Zhuang Qing Lv	0	2011	\N	93	Comedy,Romance
tt1999998	movie	Yu chai meng	Yu chai meng	0	1980	\N	98	Action,Adventure
tt2009551	movie	Guerrillas on the Plain	Ping yuan you ji dui	0	1955	\N	100	War
tt2018058	movie	Der Pinguin Mann	Der Pinguin Mann	0	2001	\N	52	Documentary
tt2032495	movie	Mask of Deception	Mask of Deception	0	2007	\N	96	Documentary
tt2041340	movie	Dominion	Dominion	0	\N	\N	\N	Thriller
tt2051892	movie	Hayotim orzusi	Hayotim orzusi	0	2011	\N	\N	Drama,Romance
tt2062527	movie	A Film for Friends	Film pentru prieteni	0	2011	\N	58	Comedy,Drama
tt2070803	movie	Lycka till och ta hand om varandra	Lycka till och ta hand om varandra	0	2012	\N	100	Comedy,Drama
tt2076314	movie	Return of the Horse	Return of the Horse	0	2012	\N	61	Animation,Documentary,History
tt2083320	movie	Felicity Land	Saadat Abad	0	2011	\N	90	Drama
tt2090592	movie	Project Unleashed	Project Unleashed	0	\N	\N	90	Documentary,Drama
tt2096659	movie	ToTo and TeTe	ToTo and TeTe	0	2005	\N	\N	\N
tt2103248	movie	Silver or Lead	Silver or Lead	0	\N	\N	\N	Action,Drama
tt2111406	movie	Seventeen Ninja	Seventeen Ninja	0	1963	\N	99	Action
tt2119495	movie	Paolo Conte: A Face on Loan	Paolo Conte: A Face on Loan	0	2000	\N	46	Documentary
tt2127357	movie	Suatu Malam Kubur Berasap	Suatu Malam Kubur Berasap	0	2011	\N	90	Comedy,Horror
tt2137910	movie	El Charles Bronson chileno: o idénticamente igual	El Charles Bronson chileno: o idénticamente igual	0	1981	\N	70	Documentary
tt2147104	movie	The Dogwalker	The Dogwalker	0	2007	\N	76	Documentary
tt2155321	movie	Come, Closer	Jogeumman Deo Gakkai	0	2010	\N	108	Drama
tt2166337	movie	Con la mano di Dio	Con la mano di Dio	0	2007	\N	52	Documentary
tt2175883	movie	Scattered Junk	Scattered Junk	0	2011	\N	70	Documentary
tt2182267	movie	CXL	CXL	0	2012	\N	\N	Comedy,Drama
tt2191605	movie	Addict	Addict	0	2013	\N	92	Drama
tt2199508	movie	Chameleon	Chameleon	0	2012	\N	\N	Horror
tt2210443	movie	Asuravithu	Asuravithu	0	2012	\N	139	Action
tt2219156	movie	Indian Dreams	Indian Dreams	0	2012	\N	91	Adventure,Documentary
tt2230266	movie	The Warning Time	Tie nan ben se	0	2000	\N	92	Action
tt2238993	movie	Working Work Out	Working Work Out	0	1983	\N	57	Documentary
tt2247910	movie	Stab 5	Stab 5	0	2011	\N	95	Horror
tt2257700	movie	Il treno va a Mosca	Il treno va a Mosca	0	2013	\N	70	Documentary
tt2266657	movie	Spell	Afsoon	0	1989	\N	\N	Comedy
tt2276404	movie	Hvorledes jeg kom til Filmen	Hvorledes jeg kom til Filmen	0	1919	\N	\N	Comedy
tt2287959	movie	Passion	Passion	0	1990	\N	54	Biography,Documentary
tt2295196	movie	Hunting Elephants	Hunting Elephants	0	2013	\N	107	Comedy,Crime,Drama
tt2304743	movie	Lejos de Saint Nazaire	Lejos de Saint Nazaire	0	2011	\N	52	Documentary,Drama
tt2315610	movie	The Last Shepherd	L'ultimo pastore	0	2012	\N	76	Documentary
tt2322034	movie	Der Rubin des Maharadscha	Der Rubin des Maharadscha	0	1917	\N	\N	Drama
tt2328952	movie	Amerikanac	Amerikanac	0	1995	\N	75	Drama
tt2338044	movie	Chicama	Chicama	0	2013	\N	75	Drama
tt2347259	movie	ARD-Legenden Joachim Fuchsberger	ARD-Legenden Joachim Fuchsberger	0	2012	\N	\N	Documentary
tt2356140	movie	Winston Churchill. Ot lubvi do nenavisti	Winston Churchill. Ot lubvi do nenavisti	0	2004	\N	\N	Biography
tt2363355	movie	Qui êtes-vous Paul Vecchiali?	Qui êtes-vous Paul Vecchiali?	0	2012	\N	\N	Documentary
tt2371046	movie	Saving 10,000: Winning a War on Suicide in Japan	Saving 10,000: Winning a War on Suicide in Japan	0	2012	\N	68	Documentary,News
tt2378706	movie	Weil Heute Dein Geburtstag Ist - 100 Jahre Erich	Weil Heute Dein Geburtstag Ist - 100 Jahre Erich	0	2012	\N	89	Biography,Documentary,History
tt2387411	movie	Candle to Water	Candle to Water	0	2012	\N	110	Drama
tt2395385	movie	+1	+1	0	2013	\N	96	Romance,Sci-Fi,Thriller
tt2401912	movie	A Song for Mama	Une chanson pour ma mère	0	2013	\N	95	Comedy
tt2410758	movie	Undervandsbaaden	Undervandsbaaden	0	1914	\N	\N	Drama
tt2424198	movie	Sonhos Brasileiros	Sonhos Brasileiros	0	1991	\N	57	Documentary
tt2438620	movie	Umbrella	Umbrella	0	2012	\N	\N	Drama
tt2456184	movie	Mr. Rascal	Mr. Rascal	0	2011	\N	\N	Romance
tt2468498	movie	Club Lingerie	Club Lingerie	0	2014	\N	82	Comedy,Horror,Mystery
tt2486744	movie	Panopticon	Panopticon	0	2012	\N	60	Documentary,News
tt2506394	movie	The Oscar Nominated Short Films 2009: Live Action	The Oscar Nominated Short Films 2009: Live Action	0	2009	\N	94	\N
tt2521776	movie	Re-emerging: The Jews of Nigeria	Re-emerging: The Jews of Nigeria	0	2012	\N	93	Documentary,History
tt2537390	movie	Slow Learners	Slow Learners	0	2015	\N	96	Comedy,Romance
tt2555494	movie	Ali Baba and the Pirates	Alì Babà e i pirati	0	1997	\N	80	Animation
tt2570858	movie	The Duke of Burgundy	The Duke of Burgundy	0	2014	\N	104	Drama,Romance
tt2584018	movie	Freedom	Freedom	0	2014	\N	94	Drama,Music
tt2607614	movie	Terror in Woods Creek	Deadlines	0	2017	\N	91	Horror,Thriller
tt2623062	movie	Long June	Long June	0	1996	\N	97	Drama
tt2637720	movie	Ghost Adventures	Ghost Adventures	0	2004	\N	87	Documentary
tt2652044	movie	Gekishin! Shimai rape	Gekishin! Shimai rape	0	1991	\N	60	\N
tt2669348	movie	Mom	Mom	0	2013	\N	83	Drama
tt2693114	movie	Amnesiac	Amnesiac	0	2013	\N	90	Drama,Horror,Thriller
tt2713558	movie	The Magic Hand of Chance	The Magic Hand of Chance	0	2012	\N	51	Comedy,Family
tt2729904	movie	Défense de la France	Défense de la France	0	2007	\N	86	History
tt2749258	movie	Somebody Marry Me	Somebody Marry Me	0	2013	\N	101	Comedy,Romance
tt2769814	movie	Torment	Torment	0	1990	\N	86	Thriller
tt2784730	movie	Charlotte	Charlotte	0	2005	\N	155	Thriller
tt2803502	movie	Intimate Semaphores	Intimate Semaphores	0	2014	\N	56	Comedy,Drama
tt2825230	movie	Blood Punch	Blood Punch	0	2014	\N	104	Horror,Thriller
tt2846966	movie	The Gettysburg Story	The Gettysburg Story	0	2013	\N	60	Documentary
tt2866372	movie	The Secret World of Plants	The Secret World of Plants	0	2003	\N	55	Documentary
tt2889210	movie	The Vine	The Vine	0	2013	\N	106	Fantasy,Mystery,Romance
tt2910814	movie	The Signal	The Signal	0	2014	\N	97	Drama,Mystery,Sci-Fi
tt2930026	movie	Humraah: The Traitor	Humraah: The Traitor	0	2008	\N	\N	Thriller
tt2945638	movie	Oyomeni yukimasu	Oyomeni yukimasu	0	1978	\N	89	Comedy
tt2960438	movie	Ekpyrosis	Ekpyrosis	0	2013	\N	67	Biography,Documentary,Drama
tt2978150	movie	Kavata Andare	Kavata Andare	0	1960	\N	\N	Drama
tt2994920	movie	Young Love	Young Love	0	2013	\N	\N	Comedy
tt3014598	movie	Romansa	Romansa	0	2013	\N	60	Drama
tt3037288	movie	Tres mentiras	Tres mentiras	0	2014	\N	95	Drama,Thriller
tt3060346	movie	The 30 Year Old Bris	The 30 Year Old Bris	0	2014	\N	\N	Comedy
tt3076940	movie	Children of the Gun	Children of the Gun	0	\N	\N	\N	Action
tt3094824	movie	Hammerhead	Hammerhead	0	1967	\N	\N	\N
tt3105392	movie	Leave to Stay	Leave to Stay	0	2013	\N	64	Drama,Romance,Thriller
tt3117650	movie	The Girl at the End of the World	The Girl at the End of the World	0	2014	\N	74	Comedy,Romance
tt3130742	movie	Gates of the Sun	Les portes du soleil: Algérie pour toujours	0	2014	\N	90	Action
tt3146390	movie	Au pays des merveilles	Au pays des merveilles	0	2013	\N	61	Documentary
tt3160230	movie	Angel of the Skies	Angel of the Skies	0	2013	\N	98	Crime,Drama,Thriller
tt3175572	movie	Kao Krian	Kao Krian	0	2012	\N	\N	Comedy
tt3194696	movie	Taming the Bull: The John Bramlett Story	Taming the Bull: The John Bramlett Story	0	2013	\N	60	Biography,Documentary,History
tt3209894	movie	Mga anino ng kahapon	Mga anino ng kahapon	0	2013	\N	85	Drama,Family
tt3224188	movie	With Love	Duay rak	0	2010	\N	122	Romance
tt3238994	movie	Reis kerge pagasiga	Reis kerge pagasiga	0	2006	\N	56	Documentary
tt3253484	movie	Scars of a Predator	Scars of a Predator	0	2017	\N	\N	Horror
tt3268048	movie	LeRoy the Space Cowboy	LeRoy the Space Cowboy	0	2014	\N	91	Comedy,Documentary,Fantasy
tt3282770	movie	Leonie Ossowski	Leonie Ossowski	0	2013	\N	73	Documentary
tt3300884	movie	Revival Paradise	Revival Paradise	0	2005	\N	55	Drama
tt3316188	movie	Malvado	Malvado	0	\N	\N	\N	Horror
tt3329190	movie	Scandalous Edinburgh	Scandalous Edinburgh	0	2014	\N	\N	Documentary
tt3343920	movie	The Art of Seeing	The Art of Seeing	0	2013	\N	215	Animation,Documentary
tt3361558	movie	Flamengo: Um Século de Paixão	Flamengo: Um Século de Paixão	0	1995	\N	69	Documentary,Sport
tt3382388	movie	Otel mertvetsov	Otel mertvetsov	0	2013	\N	60	Horror,Mystery,Thriller
tt3397302	movie	The Londoner	The Londoner	0	\N	\N	\N	Thriller
tt3411556	movie	Adios Vaya Con Dios	Adios Vaya Con Dios	0	2014	\N	97	Crime,Drama,Thriller
tt3422246	movie	La Segunda Guerra Mundial desde el Espacio	La Segunda Guerra Mundial desde el Espacio	0	2013	\N	\N	Documentary
tt3437390	movie	Sunehre Qadam	Sunehre Qadam	0	1966	\N	\N	Romance
tt3451332	movie	Brooklyn Bird	Brooklyn Bird	0	\N	\N	\N	Drama
tt3464626	movie	Pincebörtön	Pincebörtön	0	1994	\N	122	Documentary
tt3477734	movie	Witches Don't Exist	Heksen bestaan niet	0	2014	\N	81	Adventure,Family,Fantasy
tt3494578	movie	Sehvet uçurumu	Sehvet uçurumu	0	1979	\N	\N	Crime
tt3506934	movie	Night Flight	Ya-gan-bi-haeng	0	2014	\N	133	Drama
tt3518998	movie	Dying with Daisy	Dying with Daisy	0	\N	\N	\N	Drama
tt3531536	movie	Salhaye Hadese	Salhaye Hadese	0	2012	\N	\N	History
tt3548626	movie	Hardy	Hardy	0	2014	\N	73	Action,Documentary,Drama
tt3562014	movie	La Salamandre	La Salamandre	0	2021	\N	119	Drama
tt3574800	movie	Sammy-Gate	Sammy-Gate	0	2020	\N	\N	Biography
tt3587128	movie	Twilight Online	Hung bou joi sin	0	2014	\N	95	Fantasy,Horror,Thriller
tt3598944	movie	Novemberoslo	Novemberoslo	0	2020	\N	71	Drama
tt3614356	movie	No Land's Song	No Land's Song	0	2014	\N	91	Biography,Documentary,Drama
tt3627490	movie	Parallel Trips	Parallel Trips	0	2004	\N	60	Documentary
tt3644054	movie	Out of Brooklyn	Out of Brooklyn	0	\N	\N	\N	Comedy
tt3659736	movie	The Wê Anthology	The Wê Anthology	0	\N	\N	82	Adventure,Documentary
tt3672942	movie	Collision	Collision	0	2014	\N	72	Drama
tt3686976	movie	A Refuge Four All	A Refuge Four All	0	2014	\N	90	Drama
tt3700482	movie	Jhola	Jhola	0	2013	\N	90	Drama,History
tt3714430	movie	Tang Kong	Tang Kong	0	1975	\N	\N	Drama
tt3725634	movie	Shitcago	Shitcago	0	2015	\N	65	Comedy,Drama
tt3738376	movie	The Saguaro	The Saguaro	0	\N	\N	96	Comedy,Drama
tt3750822	movie	The Guns of August	The Guns of August	0	\N	\N	\N	Drama
tt3765136	movie	Aibiki	Aibiki	0	2014	\N	\N	Drama
tt3779764	movie	Zackaddie	Zackaddie	0	2014	\N	75	Crime,Documentary,Horror
tt3797016	movie	Waterlijken	Waterlijken	0	2014	\N	55	Crime,Documentary,Drama
tt3811914	movie	Ramdhanu: The Rainbow	Ramdhanu: The Rainbow	0	2014	\N	135	Drama
tt3826834	movie	Corrections Class	Klass korrektsii	0	2014	\N	98	Drama
tt3841450	movie	Portrait of the Artist	Le dos rouge	0	2014	\N	127	Drama
tt3856148	movie	Words of the Damned	Words of the Damned	0	2014	\N	52	Fantasy,Thriller
tt3875388	movie	Rio 50 Degrees	Rio 50 Degrees	0	2014	\N	93	Documentary
tt3890406	movie	Return to Gibraltar	Return to Gibraltar	0	\N	\N	\N	Crime,Drama,Sci-Fi
tt3903910	movie	Animate Your Dead Date	Animate Your Dead Date	0	2014	\N	47	Comedy,Horror
tt3916620	movie	The Attachment Theory	The Attachment Theory	0	\N	\N	\N	Action
tt3950060	movie	41 Twin Outdoor Theater: Starry Skies & Silver Screen Memories	41 Twin Outdoor Theater: Starry Skies & Silver Screen Memories	0	2014	\N	48	Documentary,History
tt3963408	movie	Fighting Demons: An Inside Out Documentary	Fighting Demons: An Inside Out Documentary	0	\N	\N	\N	Documentary
tt3982462	movie	Rajadhi Raja	Rajadhi Raja	0	2014	\N	145	Action,Comedy
tt4001952	movie	Bloopers	Bloopers	0	2014	\N	99	Action,Comedy,Western
tt4019648	movie	Dui Duna Pannch	Dui Duna Pannch	0	2012	\N	130	Comedy
tt4038614	movie	Pause	Pause	0	2014	\N	48	Family
tt4056518	movie	The Umbrella Man	The Umbrella Man	0	2015	\N	\N	Drama
tt4073244	movie	tobyMac Alive And Transported	tobyMac Alive And Transported	0	2014	\N	77	\N
tt4085002	movie	Tranquilandia	Tranquilandia	0	2014	\N	\N	Documentary
tt4107526	movie	The Problem Y	The Problem Y	0	2014	\N	90	Comedy,Drama
tt4126694	movie	1 Night	One Night	0	2016	\N	80	Drama,Romance
tt4144724	movie	Les veus de l'ànima	Les veus de l'ànima	0	2014	\N	\N	Documentary
tt4159618	movie	Right Wing to B Wing	Right Wing to B Wing	0	\N	\N	\N	Biography,Crime,Sport
tt4175096	movie	I am Bonnie	I am Bonnie	0	2016	\N	45	Biography,Documentary,Drama
tt4193724	movie	Ojalá el sol me esconda	Ojalá el sol me esconda	0	\N	\N	\N	Western
tt4211578	movie	Inside the Machine: The Making of Terminus	Inside the Machine: The Making of Terminus	0	2015	\N	128	Documentary
tt4229772	movie	Phantoms in the Archives: Unlocking a Manitou Springs Mystery	Phantoms in the Archives: Unlocking a Manitou Springs Mystery	0	2013	\N	70	Documentary
tt4250088	movie	Untitled Shakespeare Project	Untitled Shakespeare Project	0	\N	\N	\N	Comedy
tt4271894	movie	Dag Mannetje	Dag Mannetje	0	2014	\N	49	Family
tt4291880	movie	Solitude	Solitude	0	2014	\N	58	Drama
tt4309282	movie	A Daughter's Dream	A Daughter's Dream	0	2014	\N	\N	Drama,Family,Sport
tt4325342	movie	Rembetika	Rembetika	0	1983	\N	48	Documentary,Music
tt4339864	movie	A Hollywood Tragedy	A Hollywood Tragedy	0	2015	\N	90	Comedy,Music
tt4360416	movie	Xi yóu ji	Xi yóu ji	0	1956	\N	\N	Fantasy
tt4379024	movie	Tuyul: Part 1	Tuyul: Part 1	0	2015	\N	95	Horror
tt4396924	movie	1932: Histórias de uma Guerra	1932: Histórias de uma Guerra	0	2013	\N	86	Documentary
tt4418706	movie	Shokoku manyu tsukahara bokuden	Shokoku manyu tsukahara bokuden	0	1921	\N	\N	\N
tt4433110	movie	Eine königliche Affäre - Das riskante Leben des Leibarztes Johann Friedrich Struensee	Eine königliche Affäre - Das riskante Leben des Leibarztes Johann Friedrich Struensee	0	2012	\N	95	History
tt4452096	movie	Menashi dori	Menashi dori	0	1921	\N	\N	Drama
tt4467626	movie	Scare Campaign	Scare Campaign	0	2016	\N	80	Horror
tt4483546	movie	Martyr	Martyr	0	\N	\N	\N	\N
tt4501700	movie	Stand Up Villero	Stand Up Villero	0	2018	\N	85	Documentary
tt4517568	movie	Arayashiki no jûnintachi	Arayashiki no jûnintachi	0	2015	\N	117	Documentary
tt4532888	movie	I Am Diego Maradona	Man Diego Maradona hastam	0	2015	\N	86	Comedy,Drama
tt4550794	movie	Bad Freind	Bad Freind	0	2005	\N	\N	Drama,Thriller
tt4567612	movie	Le funambule	Le funambule	0	2008	\N	75	Drama
tt4582120	movie	The Only Game in Town	The Only Game in Town	0	\N	\N	100	Comedy
tt4599814	movie	Sonata Maria	Sonata Maria	0	2014	\N	75	Drama,Mystery
tt4620188	movie	Les vilains	Les vilains	0	2016	\N	110	Comedy
tt4635844	movie	13 Strawberry Fields	13 Strawberry Fields	0	\N	\N	100	Thriller
tt4654818	movie	Cemetery Legend	Cemetery Legend	0	2015	\N	60	Horror,Thriller
tt4670290	movie	Raiding the Lost Ark: A Filmumentary	Raiding the Lost Ark: A Filmumentary	0	2012	\N	143	Documentary
tt4685784	movie	Shanghai Dawn	Shanghai Dawn	0	\N	\N	\N	Action,Comedy
tt4700872	movie	Dead List	Dead List	0	2018	\N	80	Comedy,Horror
tt4718004	movie	Beyblade	Beyblade	0	\N	\N	\N	Action,Fantasy,Sci-Fi
tt4736136	movie	Wolf Attack	Wolf Attack	0	2015	\N	72	Horror
tt4766362	movie	Around China with a Movie Camera	Around China with a Movie Camera	0	2015	\N	68	Documentary
tt4781612	movie	Imperium	Imperium	0	2016	\N	109	Biography,Crime,Drama
tt4800590	movie	Odnazhdy	Odnazhdy	0	2015	\N	100	Adventure
tt4822114	movie	Johnny Davao	Johnny Davao	0	1960	\N	\N	Action,Thriller
tt4841444	movie	The Spawning	The Spawning	0	2017	\N	\N	Horror,Sci-Fi
tt4858142	movie	Ghost	Ghost	0	\N	\N	60	Horror
tt4878736	movie	Geolog. Silnee smerti	Geolog. Silnee smerti	0	2014	\N	85	Action,Adventure,Biography
tt4896380	movie	Shadow Train	Shadow Train	0	\N	\N	\N	Horror,Thriller
tt4913726	movie	Right Song, Wrong Chord	Right Song, Wrong Chord	0	2017	\N	51	Drama,Romance
tt4934424	movie	Te gong shen die	Te gong shen die	0	2001	\N	\N	Action
tt4949412	movie	Amanda and the Fox	Amanda and the Fox	0	2018	\N	88	Comedy,Family
tt4966716	movie	The Parts You Don't Hear	Untitled Sound Techniques Documentary	0	\N	\N	\N	Documentary
tt4982830	movie	The Cravens	The Cravens	0	\N	\N	\N	Horror
tt5004890	movie	Upheaval of Jiawu	Da bian ju zhi meng hui Jia Wu	0	2015	\N	92	Drama
tt5027870	movie	Blood in, Blood Out	Blood In, Blood Out	0	\N	\N	\N	Crime
tt5048390	movie	Takano Chôei	Takano Chôei	0	1924	\N	\N	\N
tt5067414	movie	Susanang Twist	Susanang Twist	0	1962	\N	\N	Family,Music
tt5079996	movie	The Mystery of the Pink Dolphin	The Mystery of the Pink Dolphin	0	2015	\N	52	Documentary
tt5096754	movie	Bigfoot: Still Tracking a Legend	Bigfoot: Still Tracking a Legend	0	2015	\N	64	Documentary
tt5115246	movie	The Chronicle of Alice & Peter	The Chronicle of Alice & Peter	0	\N	\N	\N	Fantasy
tt5128624	movie	Paper Streets	Paper Streets	0	2015	\N	92	Drama
tt5139176	movie	Alexfilm	Alexfilm	0	2015	\N	60	\N
tt5153956	movie	Gateway 6	Gateway 6	0	\N	\N	\N	Sci-Fi,Thriller
tt5169034	movie	The Dorothy Weber Morris Story	The Dorothy Weber Morris Story	0	\N	\N	\N	Drama
tt5183916	movie	Hidden Truth	Hidden Truth	0	2016	\N	92	Thriller
tt5202764	movie	Trinetra	Trinetra	0	2009	\N	\N	Mystery
tt5217152	movie	A Cradle for the Mother	Gahvarei baraye madar	0	2013	\N	76	Drama
tt5235666	movie	Wer hat Angst vor Sibylle Berg?	Wer hat Angst vor Sibylle Berg?	0	2015	\N	84	Documentary
tt5250330	movie	Shiratori Reiko de Gozaimasu!	Shiratori Reiko de Gozaimasu!	0	1995	\N	72	Comedy
tt5268086	movie	Forgotten Scares: An In-depth Look at Flemish Horror Cinema	Forgotten Scares: An In-depth Look at Flemish Horror Cinema	0	2016	\N	96	Documentary,Horror
tt5285410	movie	Wedding Gown	Wedding Gown	0	\N	\N	\N	Mystery
tt5302116	movie	Bathing Beauties	Bathing Beauties	0	1964	\N	\N	Drama
tt5315334	movie	Carnival	Carnival	0	\N	\N	\N	Thriller
tt5332128	movie	LUV Don't Live Here	LUV Don't Live Here	0	2015	\N	90	Drama
tt5346936	movie	Krim Belkacem	Krim Belkacem	0	2014	\N	180	Action,Biography,Drama
tt5363290	movie	Johnny Dark	Johnny Dark	0	\N	\N	\N	Action
tt5396696	movie	Halálkanyar	Halálkanyar	0	1961	\N	90	Documentary
tt5439824	movie	Doktor Palmore. Der schleichende Tod	Doktor Palmore. Der schleichende Tod	0	1918	\N	\N	Drama
tt5459620	movie	Legend of the Ghost Dagger	Benjamin Falck and the Ghost Dagger	0	2019	\N	95	Adventure,Comedy,Romance
tt5474288	movie	Schiffbrüchige der Liebe	Schiffbrüchige der Liebe	0	1921	\N	\N	Drama
tt5493618	movie	Legacy Alive	Legacy Alive	0	2016	\N	55	Documentary,Music
tt5512430	movie	Langtang	Langtang	0	2015	\N	52	Adventure,Documentary,Sport
tt5531354	movie	1992	1992	0	\N	\N	\N	Drama
tt5546158	movie	Freddrow	Freddrow	0	2017	\N	70	Animation
tt5568440	movie	Down Memory Lane	Down Memory Lane	0	1948	\N	60	Documentary
tt5584782	movie	Siebzehn	Siebzehn	0	2017	\N	104	Drama
tt5599880	movie	Bambaska	Bambaska	0	2017	\N	100	Romance
tt5617324	movie	Riktig Mental Innstilling	Riktig Mental Innstilling	0	2007	\N	\N	Documentary
tt5637758	movie	El Poder de la Iglesia	El Poder de la Iglesia	0	2013	\N	\N	Drama
tt5651222	movie	Parecido a Sebastián	Parecido a Sebastián	0	\N	\N	\N	Drama
tt5666046	movie	Super Science Showcase	Super Science Showcase	0	2019	\N	68	Family
tt5686120	movie	Those Who Fear Are Dead	Elli Ekhtasho Mato	0	2016	\N	102	Drama
tt5706874	movie	Brunch	Brunch	0	\N	\N	\N	Comedy
tt5725230	movie	We Must Be Dreaming	We Must Be Dreaming	0	2016	\N	60	Documentary
tt5746342	movie	Opfindelsen... og min far	Opfindelsen... og min far	0	2015	\N	\N	Documentary
tt5765612	movie	First Praetor	First Praetor	0	\N	\N	\N	Action,Fantasy
tt5782090	movie	Dream Journey	Da meng xi you	0	2016	\N	92	Adventure,Comedy,Fantasy
tt5798246	movie	Moonlight Melodies	Moonlight Melodies	0	\N	\N	\N	Family
tt5815262	movie	Naani	Naani	0	2016	\N	\N	Horror,Sci-Fi,Thriller
tt5832134	movie	New Widow's Boarding House: Orgasm & Ecstasy	Shin mibôjin geshuku hatsu hiraki hatsu ire	0	1981	\N	63	\N
tt5848152	movie	The Late Shift	The Late Shift	0	\N	\N	\N	Horror
tt5867226	movie	Silencer	Silencer	0	2018	\N	88	Action,Drama,Thriller
tt5884600	movie	F-27: The Movie	F-27: The Movie	0	2014	\N	85	Drama
tt5901750	movie	Untitled Reverend Jeffrey Brown Project	Untitled Reverend Jeffrey Brown Project	0	\N	\N	\N	Drama
tt5921458	movie	DREAM Act MOVIE: Film	DREAM Act MOVIE: Film	0	\N	\N	\N	Drama,Thriller
tt5938476	movie	P.A.I.N.	P.A.I.N.	0	2018	\N	56	Fantasy
tt5958736	movie	Flashes of Hope	Flashes of Hope	0	\N	\N	\N	Drama
tt5981304	movie	Anchor and Hope	Anchor and Hope	0	2017	\N	113	Comedy,Drama,Romance
tt6001590	movie	Latch	Latch	0	2016	\N	80	Crime,Drama
tt6021358	movie	Dead, Dead, Dead Ringer	Dead, Dead, Dead Ringer	0	\N	\N	\N	Comedy
tt6040284	movie	Listen in the Dark	Listen in the Dark	0	\N	\N	\N	Thriller
tt6058434	movie	01:05:12. Una carrera de fondo	01:05:12. Una carrera de fondo	0	2015	\N	51	Documentary
tt6078304	movie	Vazandar: Biggie	Vazandar: Biggie	0	2016	\N	109	Comedy,Drama
tt6095472	movie	The Angry Birds Movie 2	The Angry Birds Movie 2	0	2019	\N	97	Adventure,Animation,Comedy
tt6109126	movie	Silente	Silente	0	2016	\N	72	Documentary
tt6129358	movie	Jaundya Na Balasaheb	Jaundya Na Balasaheb	0	2016	\N	165	Comedy,Drama
tt6144516	movie	Inside a Volcano	Jökullinn logar	0	2016	\N	85	Adventure,Documentary,Drama
tt6160958	movie	Nyogon: Together	Nyogon: Together	0	\N	\N	\N	Documentary
tt6182126	movie	4426	4426	0	2016	\N	150	Horror
tt6204148	movie	Conlanging: The Art of Crafting Tongues	Conlanging: The Art of Crafting Tongues	0	2017	\N	95	Documentary,Fantasy,History
tt6221928	movie	Apocalypse Meow	Apocalypse Meow	0	2016	\N	\N	Drama
tt6241940	movie	Electric Amazon	Electric Amazon	0	2015	\N	46	Documentary
tt6260274	movie	Si Magdalola at ang mga gago	Si Magdalola at ang mga gago	0	2016	\N	110	Crime,Drama
tt6278108	movie	The Great Culling: Our Water	The Great Culling: Our Water	0	2012	\N	92	Documentary
tt6297254	movie	Casamance: La banda sonora de un viaje	Casamance: La banda sonora de un viaje	0	2016	\N	92	Documentary
tt6323304	movie	The Commitments	The Commitments	0	2016	\N	100	Comedy,Drama,Musical
tt6344284	movie	Somebody Up There Likes Me	Somebody Up There Likes Me	0	2016	\N	75	\N
tt6363784	movie	Hameer	Hameer	0	2017	\N	\N	Action,Drama,Romance
tt6386168	movie	A Sort of Family	Una especie de familia	0	2017	\N	95	Crime,Drama,Thriller
tt6407698	movie	Gogoler Kirti	Gogoler Kirti	0	2014	\N	135	Crime,Thriller
tt6419748	movie	Gajalu	Gajalu	0	2016	\N	133	Drama,Family,Romance
tt6435846	movie	The Target of Roses	Bara no hyôteki	0	1972	\N	94	Action,Crime
tt6447572	movie	Événements Kiju Yoshida	Événements Kiju Yoshida	0	2008	\N	\N	\N
tt6448730	movie	Pirdino Sürpriz Yumurta	Pirdino Sürpriz Yumurta	0	2015	\N	\N	\N
tt6449892	movie	Big Fortune Hotel	Big Fortune Hotel	0	2015	\N	88	Comedy,Horror,Mystery
tt6465308	movie	Spirou & Fantasio's Big Adventures	Les aventures de Spirou et Fantasio	0	2018	\N	89	Adventure,Comedy
tt6487546	movie	American Boy	American Boy	0	\N	\N	\N	Drama
tt6510634	movie	Tiere	Tiere	0	2017	\N	95	Mystery,Thriller
tt6532710	movie	Church: The Movie	Church: The Movie	0	\N	\N	\N	Drama
tt6547198	movie	Dog Years	Dog Years	0	2017	\N	88	Documentary,News
tt6568352	movie	La morsure des dieux	La morsure des dieux	0	2017	\N	120	Drama
tt6589292	movie	Mustang Island	Mustang Island	0	2017	\N	86	Comedy
tt6614450	movie	Everlasting Broadcasting	Everlasting Broadcasting	0	2014	\N	90	Comedy
tt6639866	movie	Floating Bridge	Floating Bridge	0	\N	\N	\N	Drama
tt6665246	movie	Schnitzeljagd - Mit Christus um die Welt	Schnitzeljagd - Mit Christus um die Welt	0	2016	\N	\N	Adventure,Documentary
tt6689348	movie	Peixe	Peixe	0	\N	\N	\N	Drama
tt6715492	movie	School Girl	Mobeomsaeng	0	2017	\N	100	Drama,Thriller
tt6739084	movie	Shadow World	Shadow World	0	1983	\N	75	Animation
tt6764674	movie	That the World May Know Vol 14: The Mission of Jesus	That the World May Know Vol 14: The Mission of Jesus	0	2016	\N	156	Documentary
tt6790068	movie	Sam Catcher: Freedom Interrogations	Sam Catcher: Freedom Interrogations	0	\N	\N	\N	Drama
tt6813108	movie	Casualties of War: Women and the Regime	Casualties Of War: Women and the Regime	0	2017	\N	90	Documentary
tt6836318	movie	El Cóndor en Nueva York	El Cóndor en Nueva York	0	2018	\N	97	Action,Fantasy
tt6856116	movie	Escape to the Sea	Escape to the Sea	0	\N	\N	\N	Drama,War
tt6873834	movie	Frankie's Baby	Frankie's Baby	0	\N	\N	112	Drama
tt6901406	movie	Delivery	Delivery	0	2017	\N	90	Action,Adventure
tt6922934	movie	Untitled Lunati Thriller	Untitled Lunati Thriller	0	\N	\N	\N	\N
tt6947800	movie	Skull	Skull	0	2018	\N	107	Action,Mystery,Sci-Fi
tt6973238	movie	Rehab: Lives Addicted	Rehab: Lives Addicted	0	2017	\N	80	Documentary
tt6998002	movie	The Secret Garden	Mi Mi Hua Yuan	0	2012	\N	85	Comedy
tt7025378	movie	Duvar	Duvar	0	2009	\N	215	Documentary
tt7055804	movie	Sammy	Sammy	0	2018	\N	\N	Horror
tt7083796	movie	Alessandra and the Fitter	Alessandra and the Fitter	0	2017	\N	\N	\N
tt7107628	movie	El encanto de las ballenas	El encanto de las ballenas	0	2021	\N	88	Documentary
tt7129514	movie	Ta dentra pethainoun orthia	Ta dentra pethainoun orthia	0	1973	\N	\N	\N
tt7147038	movie	Before There Was Her	Before There Was Her	0	\N	\N	\N	Sci-Fi
tt7163824	movie	The Load	Teret	0	2018	\N	98	Drama
tt7183470	movie	Ooommm	Ooommm	0	\N	\N	\N	Comedy
tt7207910	movie	A Taste of Sky	A Taste of Sky	0	2019	\N	85	Documentary,Drama
tt7229730	movie	The Royal Hibiscus Hotel	The Royal Hibiscus Hotel	0	2017	\N	90	Comedy,Romance
tt7249082	movie	Suicide Rangers	Suicide Rangers	0	1993	\N	\N	Action,War
tt7267626	movie	Dogpatch, USA: An Average Stone-Age Community	Dogpatch, USA: An Average Stone-Age Community	0	2017	\N	\N	Documentary
tt7287724	movie	The Last Herd	The Last Herd	0	2014	\N	\N	Documentary
tt7309554	movie	Single Mom: Yasashii Kaozku	Single Mom: Yasashii Kaozku	0	2018	\N	\N	Drama
tt7330392	movie	Vicious	Vals	0	2019	\N	97	Thriller
tt7356396	movie	Gabriele Münter	Gabriele Münter	0	2012	\N	45	Documentary
tt7379960	movie	U. S. and Them	U. S. and Them	0	\N	\N	\N	Drama
tt7398944	movie	Sanzên sekâi hîzakurîge hesôtori tenjô no maki	Sanzên sekâi hîzakurîge hesôtori tenjô no maki	0	1932	\N	\N	Drama
tt7424260	movie	Soul	Soul	0	2017	\N	74	Documentary
tt7452030	movie	You me and the radio	You me and the radio	0	\N	\N	\N	Drama
tt7476652	movie	Gang Tie Fei Long Zhi Zai Jian Ao Te Man	Gang Tie Fei Long Zhi Zai Jian Ao Te Man	0	2017	\N	89	Animation
tt7502862	movie	Untitled Valeria Lukyanova Documentary	Untitled Valeria Lukyanova Documentary	0	\N	\N	\N	Documentary
tt7524926	movie	Mirrors of Stone	Mirrors of Stone	0	\N	\N	54	Documentary,Drama,Mystery
tt7542194	movie	Fallen Leaves: Will Durant's Last Words on Life, Love, War and God	Fallen Leaves: Will Durant's Last Words on Life, Love, War and God	0	2015	\N	60	Documentary
tt7559796	movie	Anatomy of an Antihero 3	Anatomy of An Antihero 3	0	2018	\N	\N	Action
tt7585540	movie	Kuttanadan Marpappa	Kuttanadan Marpappa	0	2018	\N	140	Comedy,Drama
tt7607612	movie	Lost Landscapes of New York	Lost Landscapes of New York	0	2018	\N	84	Documentary,History
tt7627796	movie	My School 9: The Reunion	My School 9: The Reunion	0	2017	\N	85	Horror
tt7650956	movie	Even Just	Even Just	0	2020	\N	\N	Drama
tt7671450	movie	Those Long-Haired Nights	Mga gabing kasinghaba ng hair ko	0	2017	\N	72	Drama
tt7693550	movie	Saaba	Saaba	0	2017	\N	47	Documentary
tt7715444	movie	A Love Story	A Love Story	0	\N	\N	\N	Romance
tt7738736	movie	The Orientalist	The Orientalist	0	2004	\N	287	\N
tt7763752	movie	Escapada	Escapada	0	2018	\N	89	Comedy,Drama
tt7783826	movie	Katakiuchi aiyokukô	Katakiuchi aiyokukô	0	1932	\N	\N	Drama
tt7807110	movie	Glass Talons of the Iridescent Raven	Glass Talons of the Iridescent Raven	0	\N	\N	\N	Mystery
tt7831940	movie	Satsunan bîshonenrokû	Satsunan bîshonenrokû	0	1931	\N	\N	Drama
tt7854986	movie	Becoming Vasser	Becoming Vasser	0	2019	\N	89	Comedy
tt7880570	movie	Clownface	Clownface	0	2017	\N	80	Action,Comedy,Horror
tt7904074	movie	Hendi & Hormoz	Hendi & Hormoz	0	2018	\N	90	Drama,Romance
tt7925636	movie	Roja Oscuridad	Roja Oscuridad	0	2018	\N	95	Crime,Horror,Mystery
tt7949744	movie	The King of Pot	The King of Pot	0	\N	\N	\N	Biography
tt7970556	movie	Task Force Two	Task Force Two	0	\N	\N	\N	Action
tt7989246	movie	Usire	Usire	0	2017	\N	69	Crime,Drama,Thriller
tt8010536	movie	Anarchia	Anarchia	0	\N	\N	\N	Biography,Crime,Drama
tt8035758	movie	The Professionals	The Professionals	0	\N	\N	\N	Action,Thriller
tt8060288	movie	Partikelir	Partikelir	0	2018	\N	97	Action,Comedy,Crime
tt8084498	movie	Sebastian	Sebastian	0	\N	\N	90	Horror
tt8109740	movie	30 KM/H - An Israeli Adventure Film	30 KM/H	0	2018	\N	68	Adventure,Documentary
tt8135494	movie	Active Measures	Active Measures	0	2018	\N	109	Documentary
tt8164204	movie	Burkie	Burkie	0	\N	\N	\N	Drama
tt8189070	movie	The Journey	The Journey	0	2018	\N	46	\N
tt8216686	movie	Onmitsu ichidai otoko	Onmitsu ichidai otoko	0	1933	\N	\N	Drama
tt8241138	movie	Loop	Loop	0	2020	\N	98	Drama,Sci-Fi
tt8267940	movie	All About Sec-377	All About Sec-377	0	2016	\N	126	Comedy,Drama
tt8292842	movie	Mungo: la república del hipopótamo	Mungo: la república del hipopótamo	0	2005	\N	\N	Documentary
tt8320406	movie	Boy Undone	Memorias de lo que no fue	0	2017	\N	116	Drama,Thriller
tt8344532	movie	Tej... I Love You	Tej... I Love You	0	2018	\N	122	Romance
tt8367852	movie	Unscripted	Unscripted	0	2019	\N	77	Documentary
tt8391432	movie	Staats-Sicherheiten	Staats-Sicherheiten	0	2009	\N	90	Documentary
tt8417846	movie	Freeway Ricky: Planting the Seed	Freeway Ricky: Planting the Seed	0	\N	\N	\N	Documentary
tt8443596	movie	Archangels: Part I in the Archangels Trilogy	Archangels: Part I in the Archangels Trilogy	0	\N	\N	\N	Action
tt8471480	movie	Return of Wu Kong	Return of Wu Kong	0	2018	\N	\N	Adventure,Fantasy
tt8495902	movie	Muallim	Muallim	0	1986	\N	94	Romance
tt8521670	movie	The Last Chapter: The Saga of One Thousand Years of Jewish Life in Poland	The Last Chapter: The Saga of One Thousand Years of Jewish Life in Poland	0	1966	\N	85	Documentary
tt8549958	movie	The Night Bell	The Night Bell	0	\N	\N	\N	Horror,Thriller
tt8584902	movie	The White Chair	The White Chair	0	\N	\N	\N	Drama
tt8616070	movie	Hotel of Dreams	Hotel of Dreams	0	1968	\N	100	Comedy,Crime,Romance
tt8649148	movie	I, Dolours	I, Dolours	0	2018	\N	82	Documentary
tt8674768	movie	Dancing for Equal Rights	Dancing for Equal Rights	0	\N	\N	\N	Documentary
tt8700722	movie	Einstein's Wife	Einstein's Wife	0	\N	\N	\N	Drama
tt8717602	movie	We Were Íslands	We Were Íslands	0	2017	\N	80	Comedy,Drama
tt8742334	movie	Hell	Hell	0	\N	\N	\N	Mystery
tt8765636	movie	Petitet	Petitet	0	2018	\N	103	Documentary
tt8785426	movie	Jabariya Jodi	Jabariya Jodi	0	2019	\N	125	Action,Comedy,Drama
tt8811278	movie	Shemale XXX: Florida Road Trip #6	Shemale XXX: Florida Road Trip #6	1	2017	\N	\N	Adult
tt8836958	movie	Handsome	Handsome	0	2021	\N	98	Documentary
tt8862340	movie	Taiwan 1945	Taiwan 1945	0	2015	\N	\N	Documentary
tt8888132	movie	Bu Uyoon	Bu Uyoon	0	\N	\N	89	Comedy
tt8908022	movie	Kaka Ji	Kaka Ji	0	2019	\N	123	Drama
tt8932254	movie	My Best Friend's Famous	My Best Friend's Famous	0	2019	\N	92	Comedy
tt8955768	movie	Shinkon chotokkyu	Shinkon chotokkyu	0	1931	\N	\N	Drama
tt8982408	movie	Fear of Shadows	Fear of Shadows	0	\N	\N	\N	Horror
tt9002050	movie	Kaarimedu Karuvayan	Kaarimedu Karuvayan	0	1985	\N	136	Drama
tt9027572	movie	Chikan-sei hanzai kiroku	Chikan-sei hanzai kiroku	0	1971	\N	\N	\N
tt9045222	movie	Maboroshi Tantei: Yûreitô no Daima Jutsuda	Maboroshi Tantei: Yûreitô no Daima Jutsuda	0	1960	\N	76	Action,Adventure
tt9066518	movie	The Great Freedom Fighter Lokmanya Bal Gangadhar Tilak - Swaraj My Birthright	The Great Freedom Fighter Lokmanya Bal Gangadhar Tilak - Swaraj My Birthright	0	2018	\N	142	History
tt9085676	movie	My War Hero Uncle	Elifelet	0	2018	\N	52	Documentary
tt9111170	movie	What Lies Beneath	What Lies Beneath	0	2018	\N	\N	Drama,Mystery,Thriller
tt9140308	movie	Farewell, Yuanmingyuan	Gao bie yuan ming yuan	0	1995	\N	104	Documentary
tt9169540	movie	Lamar Odom: Reborn	Lamar Odom: Reborn	0	\N	\N	\N	Documentary
tt9198364	movie	Three Thousand Years of Longing	Three Thousand Years of Longing	0	2022	\N	\N	Drama,Fantasy,Romance
tt9230454	movie	The Scenic Route	The Scenic Route	0	\N	\N	\N	Thriller
tt9257402	movie	Brother	Brother	0	\N	\N	\N	Mystery,Thriller
tt9286542	movie	Taking Tiger Mountain: Revisited	Taking Tiger Mountain: Revisited	0	2019	\N	77	Drama,Sci-Fi
tt9318730	movie	Wildlings	Wildlings	0	2019	\N	135	Action,Comedy,Romance
tt9349056	movie	Netaji	Netaji	0	2019	\N	\N	Drama
tt9372494	movie	We Only Come Out at Night	We Only Come Out at Night	0	\N	\N	\N	Horror,Thriller
tt9400108	movie	Transnormal	Transnormal	0	\N	\N	\N	Documentary
tt9429914	movie	Kinpatsu Toruko-jô maruhi sex kyôen	Kinpatsu Toruko-jô maruhi sex kyôen	0	1975	\N	64	\N
tt9464554	movie	In The Mirror Reflection	In The Mirror Reflection	0	\N	\N	\N	Comedy
tt9495976	movie	Wakazuma: Sex rankô	Wakazuma: Sex rankô	0	1976	\N	60	\N
tt9526156	movie	College Diary	College Diary	0	2019	\N	151	Action
tt9558016	movie	The Hanging Tree	The Hanging Tree	0	\N	\N	\N	Adventure
tt9586922	movie	Tamayura	Tamayura	0	2018	\N	80	Drama
tt9617282	movie	Hellcats Highway!	Hellcats Highway!	0	\N	\N	\N	Thriller
tt9642542	movie	Dô ni de mo shite	Dô ni de mo shite	0	1978	\N	71	\N
tt9670178	movie	Camp Troy	Camp Troy	0	\N	\N	\N	Comedy,History
tt9692046	movie	The Lost Scene V: Retribution	The Lost Scene V: Retribution	0	2020	\N	52	Action
tt9724200	movie	Firework	Firework	0	2018	\N	\N	Documentary
tt9759634	movie	JoJo's Circus The Movie	JoJo's Circus The Movie	0	2014	\N	58	Adventure
tt9785992	movie	Tam Carroll - and I saw a Horse!	Tam Carroll - and I saw a Horse!	0	\N	\N	55	Documentary
tt9814600	movie	The Tree of Ears	The Tree of Ears	0	\N	\N	\N	Animation
tt9844604	movie	Séduction	Séduction	0	1984	\N	70	Drama
tt9869928	movie	Sagutte nureru	Sagutte nureru	0	1981	\N	62	\N
tt9895988	movie	Dark Was the Night, Cold Was the Ground	Dark Was the Night, Cold Was the Ground	0	\N	\N	\N	Drama
